序號,開標日期,公司名稱,股票代號,發行市場,發行性質,競拍方式,投標開始日,投標結束日,競拍數量(張),最低投標價格(元),最低每標單投標數量(張),最高投(得)標數量(張),保證金成數(%),每一投標單投標處理費(元),撥券日期(上市、上櫃日期),主辦券商,得標總金額(元),得標手續費率(%),總合格件,合格投標數量(張),最低得標價格(元),最高得標價格(元),得標加權平均價格(元),承銷價格(元),取消競價拍賣(流標或取消),
8,2025/01/13,昇陽半導體二,80282,櫃檯買賣,無擔保轉換公司債,美國標,2025/01/07,2025/01/09,"17,850",103.5,1,"1,785",50,400,2025/01/22,永豐金,"1,013,971,190",0.5,155,"16,890",103.5,110,104,103.5000,,
9,2025/01/08,皇普四,25284,櫃檯買賣,無擔保轉換公司債,美國標,2025/01/02,2025/01/06,"4,250",101,1,425,50,400,2025/01/17,台新,"429,743,540",0.5,86,"5,281",101,105,101.12,101.1200,,
10,2025/01/06,揚秦一,27551,櫃檯買賣,無擔保轉換公司債,美國標,2024/12/30,2025/01/02,"1,700",101,1,170,50,400,2025/01/15,永豐金,"152,555,390",0.5,61,"1,658",101,582,102.52,101.0000,,
11,2025/01/06,六方科一KY,45691,櫃檯買賣,無擔保轉換公司債,美國標,2024/12/30,2025/01/02,"4,250",100,1,425,50,400,2025/01/15,元大,"447,313,070",0.5,219,"12,965",102.87,111.87,105.25,105.2500,,
序號,開標日期,證券名稱,證券代號,發行市場,發行性質,競拍方式,投標開始日,投標結束日,競拍數量(張),最低投標價格(元),最低每標單投標數量(張),最高投(得)標數量(張),保證金成數(%),每一投標單投標處理費(元),撥券日期(上市、上櫃日期),主辦券商,得標總金額(元),得標手續費率(%),總合格件,合格投標數量(張),最低得標價格(元),最高得標價格(元),得標加權平均價格(元),承銷價格(元),取消競價拍賣(流標或取消),
6,2024/12/20,皇普三 ,25283,櫃檯買賣,有擔保轉換公司債,美國標,2024/12/16,2024/12/18,"5,100",102,1,510,50,400,2024/12/31,台新,"522,794,780",0.5,89,"6,883",102,110,102.51,102.5100,,
7,2024/12/18,上曜六,13166,櫃檯買賣,有擔保轉換公司債,美國標,2024/12/12,2024/12/16,"3,600",100,1,360,50,400,2024/12/27,元富,"261,407,370",0.5,67,"2,691",100,110.67,102.07,100.0000,,
8,2024/12/16,華星光四,49794,櫃檯買賣,無擔保轉換公司債,美國標,2024/12/10,2024/12/12,"1,800",102,1,180,50,400,2024/12/25,富邦,"201,740,930",0.5,215,"6,617",111.11,114.8,112.08,112.0800,,
9,2024/12/16,新美齊四,24424,櫃檯買賣,無擔保轉換公司債,美國標,2024/12/10,2024/12/12,"5,100",100,1,510,50,400,2024/12/25,台新,"509,597,750",0.5,72,"5,429",100,102.1,100.14,100.0000,,
11,2024/12/10,三地開發一,14381,櫃檯買賣,有擔保轉換公司債,美國標,2024/12/04,2024/12/06,"8,730",100,1,873,50,400,2024/12/19,統一,"1,026,900,420",1,557,"30,504",114.53,123.5,117.63,117.6300,,
12,2024/12/09,智晶二,52452,櫃檯買賣,無擔保轉換公司債,美國標,2024/12/03,2024/12/05,"2,550",100,1,255,50,400,2024/12/18,台新,"257,797,350",0.5,100,"3,666",100,106.8,101.1,101.1000,,
13,2024/12/06,四維航七,56087,櫃檯買賣,有擔保轉換公司債,美國標,2024/12/02,2024/12/04,"5,100",100,1,510,50,400,2024/12/17,永豐金,"522,419,970",0.5,165,"7,280",100.87,110,102.44,102.4400,,
18,2024/11/28,三貝德一,84891,櫃檯買賣,有擔保轉換公司債,美國標,2024/11/22,2024/11/26,"2,700",100,1,270,50,400,2024/12/09,台中銀,"299,692,100",0.5,160,"6,461",110.35,113.58,111,111.0000,,
21,2024/11/26,騰雲二,68702,櫃檯買賣,無擔保轉換公司債,美國標,2024/11/20,2024/11/22,"3,150",101,1,315,50,400,2024/12/05,元大,"353,846,790",0.5,277,"12,249",108.64,130,112.33,112.3300,,
24,2024/11/20,斐成三,33133,櫃檯買賣,有擔保轉換公司債,美國標,2024/11/14,2024/11/18,"3,480",100,1,348,50,400,2024/11/29,合庫,"337,296,910",1,85,"3,753",100,120,103.94,100.0000,,
26,2024/11/18,麗清六,33466,櫃檯買賣,無擔保轉換公司債,美國標,2024/11/12,2024/11/14,"2,656",100,1,265,50,400,2024/11/27,永豐金,"115,179,630",0.5,35,"1,524",100,120,101.12,100.0000,,
27,2024/11/15,岱稜五,33035,櫃檯買賣,無擔保轉換公司債,美國標,2024/11/11,2024/11/13,"4,410",100,1,441,50,400,2024/11/26,福邦,"464,283,590",0.5,264,"9,838",103,117.5,105.28,105.2800,,
29,2024/11/12,ITH-KY,6962,集中交易市場,第一上市初上市,美國標,2024/11/06,2024/11/08,"28,799",34.48,1,"3,700",50,400,2024/11/26,永豐金,"1,693,216,530",5,"7,631","140,975",52,131,58.79,39.6500,,
31,2024/11/12,大聯大三,37023,櫃檯買賣,無擔保轉換公司債,美國標,2024/11/06,2024/11/08,"18,000",100,1,"1,800",50,400,2024/11/21,元大,"1,877,477,270",0.5,518,"44,848",102.51,120,104.3,104.3000,,
32,2024/11/08,群翊二,66642,櫃檯買賣,無擔保轉換公司債,美國標,2024/11/04,2024/11/06,"11,250",100,1,"1,125",50,400,2024/11/19,福邦,"1,203,580,260",0.5,725,"27,655",105.4,200,106.98,106.9800,,
33,2024/11/06,鈺齊六 KY,98026,櫃檯買賣,無擔保轉換公司債,美國標,2024/10/31,2024/11/04,"8,500",100,1,850,50,400,2024/11/15,國票,"923,101,060",0.5,602,"21,716",107.01,117,108.6,108.6000,,
34,2024/11/06,羅昇二,83742,櫃檯買賣,無擔保轉換公司債,美國標,2024/10/31,2024/11/04,"4,250",100,1,425,50,400,2024/11/15,台新,"455,006,980",0.5,288,"9,131",104.2,116,107.06,107.0600,,
35,2024/11/01,天宇四,81714,櫃檯買賣,有擔保轉換公司債,美國標,2024/10/25,2024/10/29,"2,125",100,1,212,50,400,2024/11/12,台中銀,"238,930,120",0.5,222,"5,411",110.27,117.38,112.44,112.4400,,
38,2024/10/29,世紀鋼八永,99588,櫃檯買賣,無擔保轉換公司債,美國標,2024/10/23,2024/10/25,"17,950",102,1,"1,795",50,400,2024/11/08,永豐金,"1,881,517,290",0.5,435,"24,007",102.75,220,104.82,104.8200,,
39,2024/10/28,桓達一,45491,櫃檯買賣,無擔保轉換公司債,美國標,2024/10/22,2024/10/24,"4,250",100,1,425,50,400,2024/11/07,凱基,"498,382,070",0.5,602,"19,888",114.51,187,117.27,117.2700,,
40,2024/10/23,圓裕一,68351,櫃檯買賣,無擔保轉換公司債,美國標,2024/10/17,2024/10/21,"5,400",102,1,540,50,400,2024/11/01,中國信託,"577,548,560",0.5,207,"8,051",102.33,117.3,106.95,106.9500,,
41,2024/10/22,志強一KY,67681,櫃檯買賣,無擔保轉換公司債,美國標,2024/10/16,2024/10/18,"9,000",100,1,900,50,400,2024/10/31,元大,"1,028,099,570",0.5,561,"25,529",111.53,121.39,114.23,114.2300,,
42,2024/10/18,南俊國際一,65841,櫃檯買賣,有擔保轉換公司債,美國標,2024/10/14,2024/10/16,"6,180",102,1,618,50,400,2024/10/29,凱基,"708,860,570",0.5,570,"17,630",112.65,133,114.7,114.7000,,
43,2024/10/18,宏全二,99392,櫃檯買賣,無擔保轉換公司債,美國標,2024/10/14,2024/10/16,"34,000",101,1,"3,400",50,400,2024/10/29,台新,"2,994,517,710",0.5,581,"33,833",101,135,102.79,101.0000,,
44,2024/10/16,惠特二,67062,櫃檯買賣,無擔保轉換公司債,美國標,2024/10/09,2024/10/14,"4,250",100,1,425,50,400,2024/10/25,凱基,"481,765,160",0.5,407,"13,486",110.23,150,113.36,113.3600,,
47,2024/10/08,亞帝歐一,35161,櫃檯買賣,有擔保轉換公司債,美國標,2024/09/26,2024/09/30,"2,975",101,1,297,50,400,2024/10/18,富邦,"326,126,490",0.5,88,"5,102",107.83,116.1,109.62,109.6200,,
48,2024/10/08,華固四,25484,櫃檯買賣,無擔保轉換公司債,美國標,2024/09/27,2024/10/01,"18,000",102,1,"1,800",50,400,2024/10/18,富邦,"1,887,028,900",0.5,425,"27,512",102.56,129.99,104.83,104.8300,,
49,2024/10/08,晟銘電四,30134,櫃檯買賣,有擔保轉換公司債,美國標,2024/10/01,2024/10/04,"4,250",101,1,425,50,400,2024/10/18,中國信託,"484,532,900",1,444,"14,122",111.69,122,114.01,114.0100,,
50,2024/10/08,三集瑞-KY,6862,集中交易市場,第一上市初上市,美國標,2024/10/02,2024/10/04,"4,079",108,1,520,50,400,2024/10/23,永豐金,"789,281,950",5,"4,271","46,253",184,246.8,193.5,135.0000,,
52,2024/10/01,易發一,64251,櫃檯買賣,有擔保轉換公司債,美國標,2024/09/25,2024/09/27,"1,800",100,1,180,50,400,2024/10/15,福邦,"222,304,040",0.5,327,"10,116",120,127,123.5,123.5000,,
53,2024/10/01,佳必琪三,61973,櫃檯買賣,無擔保轉換公司債,美國標,2024/09/25,2024/09/27,"8,500",102,1,850,50,400,2024/10/15,元大,"998,337,590",0.5,789,"30,593",115.6,150,117.45,117.4500,,
54,2024/10/01,永道一KY,68631,櫃檯買賣,無擔保轉換公司債,美國標,2024/09/25,2024/09/27,"8,500",105,1,850,50,400,2024/10/15,富邦,"947,375,530",0.5,634,"23,056",108.88,188,111.46,111.4600,,
55,2024/09/26,台光電七,23837,櫃檯買賣,無擔保轉換公司債,美國標,2024/09/20,2024/09/24,"27,000",105,1,"2,700",50,400,2024/10/09,凱基,"2,995,433,350",0.5,"1,162","61,583",108.38,125,110.94,110.9400,,
56,2024/09/24,正淩三,81473,櫃檯買賣,無擔保轉換公司債,美國標,2024/09/18,2024/09/20,"2,550",102,1,255,50,400,2024/10/03,中國信託,"299,269,370",0.5,475,"13,185",115.66,123.88,117.36,117.3600,,
57,2024/09/19,大亞五,16095,櫃檯買賣,無擔保轉換公司債,美國標,2024/09/12,2024/09/16,"17,250",100,1,"1,725",50,400,2024/09/30,凱基,"1,853,764,930",0.5,796,"45,670",105.51,120,107.46,107.4600,,
58,2024/09/18,合晶八,61828,櫃檯買賣,無擔保轉換公司債,美國標,2024/09/11,2024/09/13,"12,750",102.2,1,"1,275",50,400,2024/09/27,富邦,"1,166,868,950",0.5,231,"11,642",102.2,421.12,104.51,102.2000,,
61,2024/09/12,合世三,17813,櫃檯買賣,有擔保轉換公司債,美國標,2024/09/06,2024/09/10,"1,880",100,1,188,50,400,2024/09/24,華南永昌,"212,264,520",0.5,177,"5,036",110.75,119.15,112.91,112.9100,,
66,2024/09/05,盟立二,24642,櫃檯買賣,無擔保轉換公司債,美國標,2024/08/30,2024/09/03,"8,500",103,1,850,50,400,2024/09/16,中國信託,"999,915,970",0.5,625,"23,634",115.57,138.66,117.64,117.6400,,
68,2024/09/04,泰金二KY,66292,櫃檯買賣,無擔保轉換公司債,美國標,2024/08/29,2024/09/02,"2,550",100,1,255,50,400,2024/09/13,元大,"297,812,060",0.5,419,"13,598",114.3,123.6,116.79,116.7900,,
71,2024/08/23,其陽二,35642,櫃檯買賣,無擔保轉換公司債,美國標,2024/08/19,2024/08/21,"4,250",100,1,425,50,400,2024/09/03,台新,"485,859,560",0.5,381,"11,420",111.89,119.77,114.32,114.3200,,
72,2024/08/22,川寶二,15952,櫃檯買賣,無擔保轉換公司債,美國標,2024/08/16,2024/08/20,"2,700",100,1,270,50,400,2024/09/02,福邦,"296,527,160",0.5,319,"9,580",107.5,117.99,109.82,109.8200,,
73,2024/08/21,碩禾三,36913,櫃檯買賣,有擔保轉換公司債,美國標,2024/08/15,2024/08/19,"17,025",100,1,"1,702",50,400,2024/08/30,宏遠,"1,856,319,140",0.5,455,"28,032",104.55,121,109.03,109.0300,,
74,2024/08/20,劍麟三,22283,櫃檯買賣,無擔保轉換公司債,美國標,2024/08/14,2024/08/16,"2,700",100,1,270,50,400,2024/08/29,凱基,"308,341,820",0.5,360,"13,687",112.87,117.73,114.2,114.2000,,
76,2024/08/19,昇達科二,34912,櫃檯買賣,無擔保轉換公司債,美國標,2024/08/13,2024/08/15,"8,500",101,1,850,50,400,2024/08/28,凱基,"1,003,264,850",0.5,629,"26,213",116.3,128.8,118.03,118.0300,,
77,2024/08/14,新日興三,33763,櫃檯買賣,無擔保轉換公司債,美國標,2024/08/08,2024/08/12,"6,800",100,1,680,50,400,2024/08/23,凱基,"821,809,070",0.5,964,"44,980",119.21,128,120.85,120.8500,,
78,2024/08/07,北基七,89277,櫃檯買賣,有擔保轉換公司債,美國標,2024/08/01,2024/08/05,"5,160",104,1,516,50,400,2024/08/16,合庫,"575,520,300",1,270,"15,772",109.45,118,111.53,111.5300,,
80,2024/08/06,柏騰一,35181,櫃檯買賣,有擔保轉換公司債,美國標,2024/07/31,2024/08/02,"2,550",100,1,255,50,400,2024/08/15,台新,"302,506,160",0.5,316,"9,655",115.53,125.5,118.63,118.6300,,
81,2024/08/06,汎銓一,68301,櫃檯買賣,無擔保轉換公司債,美國標,2024/07/31,2024/08/02,"4,250",100,1,425,50,400,2024/08/15,台新,"468,669,620",0.5,387,"14,920",108.02,116.8,110.28,110.2800,,
84,2024/07/22,台郡五,62695,櫃檯買賣,無擔保轉換公司債,美國標,2024/07/16,2024/07/18,"17,000",100,1,"1,700",50,400,2024/08/02,元大,"1,956,252,970",0.5,"1,067","55,394",113.17,120.87,115.07,115.0700,,
85,2024/07/17,正德七,26417,櫃檯買賣,無擔保轉換公司債,美國標,2024/07/11,2024/07/15,"5,015",101,1,501,50,400,2024/07/26,群益金鼎,"525,993,010",0.5,220,"10,432",102.69,120,104.88,104.8800,,
86,2024/07/12,中鼎二,99332,櫃檯買賣,無擔保轉換公司債,美國標,2024/07/08,2024/07/10,"51,006",102,1,"5,100",50,400,2024/07/23,國泰,"5,346,565,560",0.5,"1,198","91,716",102.95,120.1,104.82,104.8200,,
87,2024/07/11,美律五,24395,櫃檯買賣,無擔保轉換公司債,美國標,2024/07/05,2024/07/09,"4,250",101,1,425,50,400,2024/07/22,富邦,"511,303,890",0.5,672,"19,467",118.89,127.5,120.31,120.3100,,
89,2024/07/05,先進光一,33621,櫃檯買賣,有擔保轉換公司債,美國標,2024/07/01,2024/07/03,"10,200",102,1,"1,020",50,400,2024/07/16,中國信託,"1,257,260,300",1,"1,126","40,154",121.8,211,123.26,123.2600,,
90,2024/07/05,駐龍一,45721,櫃檯買賣,無擔保轉換公司債,美國標,2024/07/01,2024/07/03,"4,250",100,1,425,50,400,2024/07/16,台新,"493,887,420",0.5,656,"19,337",114.8,123.88,116.21,116.2100,,
91,2024/07/04,東哥遊艇一,84781,櫃檯買賣,無擔保轉換公司債,美國標,2024/06/28,2024/07/02,"12,750",100,1,"1,275",50,400,2024/07/15,凱基,"1,519,688,420",0.5,"1,199","42,763",117.24,331,119.19,119.1900,,
92,2024/07/01,萬潤五,61875,櫃檯買賣,無擔保轉換公司債,美國標,2024/06/25,2024/06/27,"4,250",104,1,425,50,400,2024/07/10,兆豐,"508,441,750",0.7,"1,091","37,764",118.69,158,119.63,119.6300,,
93,2024/06/26,萬年清一,66241,櫃檯買賣,有擔保轉換公司債,美國標,2024/06/20,2024/06/24,850,101,1,85,50,400,2024/07/05,玉山,"96,880,960",0.5,150,"3,646",111.03,123,113.98,113.9800,,
94,2024/06/24,聚和六,65096,櫃檯買賣,無擔保轉換公司債,美國標,2024/06/18,2024/06/20,"4,250",100,1,425,50,400,2024/07/03,凱基證券,"490,711,700",0.5,648,"23,856",113.39,120.89,115.46,115.4600,,
96,2024/06/13,中砂一,15601,櫃檯買賣,無擔保轉換公司債,美國標,2024/06/06,2024/06/11,"8,500",101,1,850,50,400,2024/06/24,凱基,"1,006,198,670",0.5,"1,203","47,963",117.59,250,118.38,118.3800,,
97,2024/06/12,廣運五,61255,櫃檯買賣,無擔保轉換公司債,美國標,2024/06/05,2024/06/07,"5,100",102,1,510,50,400,2024/06/21,元大,"604,203,250",0.7,"1,110","37,410",116.8,130.2,118.47,118.4700,,
98,2024/06/11,裕慶-KY,6957,集中交易市場,第一上市初上市,美國標,2024/06/04,2024/06/06,"4,422",120,1,552,50,400,2024/06/25,中國信託,"816,694,920",5,"1,073","10,304",168.28,224.4,184.69,138.0000,,
99,2024/06/07,辛耘二,35832,櫃檯買賣,無擔保轉換公司債,美國標,2024/06/03,2024/06/05,"8,500",100,1,850,50,400,2024/06/19,富邦,"995,128,300",0.7,"1,271","52,260",116.2,123,117.07,117.0700,,
102,2024/06/03,共信-KY,6617,櫃檯買賣,第一上櫃初上櫃,美國標,2024/05/28,2024/05/30,"10,203",125.66,1,"1,285",50,400,2024/06/18,台新綜合證券,"1,440,239,870",5,"1,805","12,799",125.66,200,141.16,141.1600,,
105,2024/05/28,來億-KY,6890,集中交易市場,第一上市初上市,美國標,2024/05/22,2024/05/24,"19,991",77.27,1,"2,509",50,400,2024/06/12,富邦證券,"2,504,959,130",5,"3,179","53,552",110,298,125.3,85.0000,,
107,2024/05/22,穎崴一,65151,櫃檯買賣,無擔保轉換公司債,美國標,2024/05/16,2024/05/20,"8,500",103,1,850,50,400,2024/05/31,凱基,"989,124,920",0.5,"1,093","42,297",115.06,150,116.37,116.3700,,
108,2024/05/21,波力二-KY,84672,櫃檯買賣,有擔保轉換公司債,美國標,2024/05/15,2024/05/17,"1,785",100.5,1,178,50,400,2024/05/30,富邦綜合證券,"204,740,980",0.5,316,"7,982",112.3,122.1,114.7,114.7000,,
109,2024/05/16,東研信超一,68401,櫃檯買賣,無擔保轉換公司債,美國標,2024/05/10,2024/05/14,"1,765",100,1,176,50,400,2024/05/27,康和綜合證券,"185,965,080",0.5,73,"2,501",102,115.5,105.36,105.3600,,
110,2024/05/16,迎廣一,61171,櫃檯買賣,無擔保轉換公司債,美國標,2024/05/10,2024/05/14,"4,250",100,1,425,50,400,2024/05/27,台新,"473,245,760",0.5,378,"11,705",108.2,119.33,111.35,111.3500,,
111,2024/05/15,弘帆二,84332,櫃檯買賣,無擔保轉換公司債,美國標,2024/05/09,2024/05/13,850,100,1,85,50,400,2024/05/24,玉山綜合證券,"96,995,240",0.5,217,"4,649",112.69,118.7,114.11,114.1100,,
112,2024/05/13,力致四,34834,櫃檯買賣,無擔保轉換公司債,美國標,2024/05/07,2024/05/09,"1,700",101,1,170,50,400,2024/05/22,永豐金,"201,571,750",0.5,847,"18,767",117.11,175,118.57,118.5700,,
131,2024/02/29,建暐四,80924,櫃檯買賣,有擔保轉換公司債,美國標,2024/02/22,2024/02/26,"1,530",100,1,153,50,400,2024/03/11,國票綜合證券,"213,351,730",0.5,297,"8,859",137,150,139.45,139.4500,,
132,2024/02/26,東碩三,32723,櫃檯買賣,無擔保轉換公司債,美國標,2024/02/20,2024/02/22,"2,550",100,1,255,50,400,2024/03/07,凱基證券,"277,763,680",0.5,363,"11,968",107.05,114.5,108.93,108.9300,,
133,2024/02/26,撼訊六,61506,櫃檯買賣,無擔保轉換公司債,美國標,2024/02/20,2024/02/22,"3,400",100,1,340,50,400,2024/03/07,宏遠證券,"362,909,500",0.5,321,"9,991",105.39,111.88,106.74,106.7400,,
136,2024/02/21,智崴五,52635,櫃檯買賣,有擔保轉換公司債,美國標,2024/02/15,2024/02/19,"6,800",100,1,680,50,400,2024/03/04,台新綜合證券,"780,836,290",0.5,692,"28,230",112.94,117,114.83,114.8300,,
137,2024/02/21,美而快一,53211,櫃檯買賣,無擔保轉換公司債,美國標,2024/02/15,2024/02/19,"1,700",100,1,170,50,400,2024/03/04,台新綜合證券,"180,116,430",0.5,212,"5,336",104,116.3,105.95,105.9500,,
139,2024/01/17,十銓三,49673,櫃檯買賣,有擔保轉換公司債,美國標,2024/01/11,2024/01/15,"10,800",102,1,"1,080",50,400,2024/01/26,永豐金證券,"1,254,497,820",0.5,885,"31,244",114.16,121.19,116.16,116.1600,,
140,2024/01/17,鉅祥二,24762,櫃檯買賣,無擔保轉換公司債,美國標,2024/01/11,2024/01/15,"8,500",102,1,850,50,400,2024/01/26,中國信託綜合,"967,266,980",0.5,792,"29,362",112.51,121.1,113.8,113.8000,,
142,2024/01/11,安勤三,34793,櫃檯買賣,無擔保轉換公司債,美國標,2024/01/05,2024/01/09,"5,700",100,1,570,50,400,2024/01/22,凱基證券股份,"624,292,740",0.5,616,"25,637",108.5,116.87,109.53,109.5300,,
143,2024/01/10,世界健身-KY,2762,集中交易市場,第一上市初上市,美國標,2024/01/04,2024/01/08,"8,999",114.78,1,"1,135",50,400,2024/01/24,永豐金證券,"1,209,932,570",5,"1,307","11,959",118.2,211,134.45,132.0000,,
144,2024/01/10,勤誠一,82101,櫃檯買賣,無擔保轉換公司債,美國標,2024/01/04,2024/01/08,"8,974",102,1,897,50,400,2024/01/19,元大證券,"984,373,650",0.5,862,"32,252",108.1,158,109.69,109.6900,,
序號,開標日期,證券名稱,證券代號,發行市場,發行性質,競拍方式,投標開始日,投標結束日,競拍數量(張),最低投標價格(元),最低每標單投標數量(張),最高投(得)標數量(張),保證金成數(%),每一投標單投標處理費(元),撥券日期(上市、上櫃日期),主辦券商,得標總金額(元),得標手續費率(%),總合格件,合格投標數量(張),最低得標價格(元),最高得標價格(元),得標加權平均價格(元),承銷價格(元),取消競價拍賣(流標或取消),
2,2023/12/27,兆利二,35482,櫃檯買賣,無擔保轉換公司債,美國標,2023/12/21,2023/12/25,"7,200",101,1,720,50,400,2024/01/08,永豐金證券,"815,044,010",0.5,"1,246","42,464",112.12,118.91,113.2,113.2000,,
3,2023/12/26,宏遠證二,60152,櫃檯買賣,無擔保轉換公司債,美國標,2023/12/20,2023/12/22,"6,000",100,1,600,50,400,2024/01/05,凱基證券股份,"608,160,270",0.5,200,"11,413",100.05,107.1,101.36,101.3600,,
5,2023/12/08,吉源一-KY,84881,櫃檯買賣,有擔保轉換公司債,美國標,2023/12/04,2023/12/06,"2,550",101,1,255,50,400,2023/12/19,玉山綜合證券,"266,913,480",0.5,191,"5,497",102.71,112.83,104.67,104.6700,,
7,2023/12/07,御頂一,35221,櫃檯買賣,有擔保轉換公司債,美國標,2023/12/01,2023/12/05,"1,350",101,1,135,50,400,2023/12/18,兆豐證券股份,"153,382,480",0.5,260,"7,420",112.68,118,113.62,113.6200,,
8,2023/12/05,佳邦三,62843,櫃檯買賣,無擔保轉換公司債,美國標,2023/11/29,2023/12/01,"5,950",102,1,595,50,400,2023/12/14,台新綜合證券,"646,625,280",0.5,809,"23,952",107.61,115,108.68,108.6800,,
9,2023/12/04,三商電一,24271,櫃檯買賣,無擔保轉換公司債,美國標,2023/11/28,2023/11/30,"4,250",102,1,425,50,400,2023/12/13,台新綜合證券,"400,144,360",0.5,146,"4,322",102,118,102.68,102.0000,,
13,2023/11/27,高力四,89964,櫃檯買賣,無擔保轉換公司債,美國標,2023/11/21,2023/11/23,"8,500",101,1,850,50,400,2023/12/06,兆豐證券股份,"967,263,040",0.5,"1,031","34,645",111.6,220,113.8,113.8000,,
14,2023/11/24,金像電二,23682,櫃檯買賣,無擔保轉換公司債,美國標,2023/11/20,2023/11/22,"34,000",105,1,"3,400",50,400,2023/12/05,富邦綜合證券,"3,643,279,440",0.5,797,"42,859",105.12,130,107.16,107.1600,,
16,2023/11/21,信音三,61263,櫃檯買賣,無擔保轉換公司債,美國標,2023/11/15,2023/11/17,"4,750",100,1,475,50,400,2023/11/30,大展證券,"494,875,580",0.5,257,"6,743",102.6,107,104.18,104.1800,,
19,2023/11/16,時碩工業三,45663,櫃檯買賣,無擔保轉換公司債,美國標,2023/11/10,2023/11/14,"6,935",100,1,693,50,400,2023/11/27,凱基證券,"736,158,820",0.5,513,"17,407",104.21,122,106.15,106.1500,,
20,2023/11/15,竣邦-KY,4442,櫃檯買賣,第一上櫃初上櫃,美國標,2023/11/09,2023/11/13,"2,202",19.13,1,315,50,400,2023/11/29,台新綜合證券,"57,799,190",5,482,"10,840",23.11,40,26.25,22.0000,,
22,2023/11/13,森崴能源一,68061,櫃檯買賣,有擔保轉換公司債,美國標,2023/11/07,2023/11/09,"28,350",100,1,"2,835",50,400,2023/11/22,福邦證券,"2,998,205,890",0.5,917,"45,146",102.9,115.5,105.76,105.7600,,
24,2023/11/07,晟銘電三,30133,櫃檯買賣,有擔保轉換公司債,美國標,2023/11/01,2023/11/03,"3,400",101,1,340,50,400,2023/11/16,中國信託綜合,"381,809,530",1,410,"13,088",111.23,118,112.3,112.3000,,
25,2023/11/01,世鎧二,20632,櫃檯買賣,無擔保轉換公司債,美國標,2023/10/26,2023/10/30,"5,400",100.5,1,540,50,400,2023/11/10,富邦綜合證券,"579,547,930",0.5,292,"9,868",105.15,111.38,107.32,107.3200,,
26,2023/10/30,桂盟四,53064,櫃檯買賣,有擔保轉換公司債,美國標,2023/10/24,2023/10/26,"8,520",100,1,852,50,400,2023/11/08,凱基證券,"923,929,400",0.5,503,"21,802",106.3,131,108.44,108.4400,,
29,2023/10/25,AMAX-KY,6933,集中交易市場,第一上市初上市,美國標,2023/10/19,2023/10/23,"3,237",80,1,419,50,400,2023/11/08,中國信託綜合,"495,787,980",5,"1,697","17,972",130,217.5,153.16,96.0000,,
31,2023/10/18,晶豪科一,30061,櫃檯買賣,無擔保轉換公司債,美國標,2023/10/12,2023/10/16,"8,500",101,1,850,50,400,2023/10/27,凱基證券股份,"981,040,090",0.5,"1,008","36,256",113.88,121.7,115.42,115.4200,,
32,2023/10/17,鼎基一,65851,櫃檯買賣,有擔保轉換公司債,美國標,2023/10/11,2023/10/13,"4,350",102,1,435,50,400,2023/10/26,第一金,"487,025,980",0.5,487,"13,122",110.69,120.56,111.96,111.9600,,
34,2023/10/11,威宏二-KY,84422,櫃檯買賣,有擔保轉換公司債,美國標,2023/09/28,2023/10/03,"3,415",102,1,341,50,400,2023/10/19,富邦綜合證券,"381,125,480",0.5,499,"13,972",110.44,115.5,111.6,111.6000,,
37,2023/09/26,新鼎一,52091,櫃檯買賣,無擔保轉換公司債,美國標,2023/09/20,2023/09/22,"2,677",102,1,267,50,400,2023/10/06,凱基證券,"293,026,870",0.5,631,"17,316",108.43,112.5,109.46,109.4600,,
38,2023/09/11,高林一,29061,櫃檯買賣,無擔保轉換公司債,美國標,2023/09/05,2023/09/07,"9,000",100,1,900,50,400,2023/09/20,元富證券股份,"947,521,540",0.5,597,"20,869",104.23,110.82,105.28,105.2800,,
39,2023/09/08,日馳一,15261,櫃檯買賣,無擔保轉換公司債,美國標,2023/09/04,2023/09/06,"4,250",101,1,425,50,400,2023/09/19,富邦綜合證券,"441,204,380",0.5,284,"6,527",102.12,108.2,103.81,103.8100,,
41,2023/08/31,偉詮一,24361,櫃檯買賣,無擔保轉換公司債,美國標,2023/08/25,2023/08/29,"9,350",101,1,935,50,400,2023/09/11,台新綜合證券,"1,048,604,110",0.5,784,"26,455",110.1,119.91,112.15,112.1500,,
43,2023/08/21,和勤四,15864,櫃檯買賣,有擔保轉換公司債,美國標,2023/08/15,2023/08/17,"1,720",100,1,172,50,400,2023/08/30,合作金庫證券,"184,381,070",1,180,"4,730",106.11,112.22,107.2,107.2000,,
44,2023/08/17,艾訊二,30882,櫃檯買賣,無擔保轉換公司債,美國標,2023/08/11,2023/08/15,"7,020",100,1,702,50,400,2023/08/28,凱基證券股份,"744,123,380",0.5,643,"24,370",104.2,115,106,106.0000,,
45,2023/08/16,晉弘一,67961,櫃檯買賣,無擔保轉換公司債,美國標,2023/08/10,2023/08/14,"1,780",100,1,178,50,400,2023/08/25,福邦證券,"185,403,370",0.5,213,"7,289",102.55,115,104.16,104.1600,,
46,2023/08/09,百達二,22362,櫃檯買賣,無擔保轉換公司債,美國標,2023/08/03,2023/08/07,"1,700",100.5,1,170,50,400,2023/08/18,台新綜合證券,"176,447,120",0.5,137,"2,540",101.52,110,103.79,103.7900,,
48,2023/07/26,保瑞三,64723,櫃檯買賣,無擔保轉換公司債,美國標,2023/07/20,2023/07/24,"14,450",100,1,"1,445",50,400,2023/08/04,台新綜合證券,"1,724,565,020",0.5,801,"24,035",115.74,132.5,119.35,119.3500,,
49,2023/07/20,世德二,20662,櫃檯買賣,無擔保轉換公司債,美國標,2023/07/14,2023/07/18,"3,400",101.5,1,340,50,400,2023/07/31,統一綜合證券,"373,682,990",0.5,582,"14,802",109,113,109.91,109.9100,,
50,2023/07/20,世紀鋼六,99586,櫃檯買賣,無擔保轉換公司債,美國標,2023/07/14,2023/07/18,"13,410",100,1,"1,341",50,400,2023/07/31,永豐金證券,"1,445,189,830",0.5,766,"25,776",105.33,128,107.77,107.7700,,
51,2023/07/17,六方科-KY,4569,集中交易市場,第一上市初上市,美國標,2023/07/11,2023/07/13,"2,479",60,1,340,50,400,2023/07/31,宏遠證券(股),"276,852,760",5,"1,400","17,477",103.88,140,111.68,66.0000,,
52,2023/07/13,雷笛克光學三,52303,櫃檯買賣,有擔保轉換公司債,美國標,2023/07/07,2023/07/11,"2,550",101.5,1,255,50,400,2023/07/24,富邦綜合證券,"285,286,060",0.5,545,"14,459",110.68,114,111.88,111.8800,,
53,2023/06/21,鴻碩二,30922,櫃檯買賣,無擔保轉換公司債,美國標,2023/06/15,2023/06/19,"2,125",100,1,212,50,400,2023/07/04,凱基證券股份,"228,066,890",0.5,439,"10,219",105.1,113.25,107.33,107.3300,,
54,2023/06/12,四維航六,56086,櫃檯買賣,有擔保轉換公司債,美國標,2023/06/06,2023/06/08,"4,250",100,1,425,50,400,2023/06/21,永豐金證券,"457,763,900",0.5,293,"8,696",105.22,112.32,107.71,107.7100,,
55,2023/06/09,閎康一,35871,櫃檯買賣,無擔保轉換公司債,美國標,2023/06/05,2023/06/07,"5,100",102,1,510,50,400,2023/06/20,元大,"579,832,050",0.5,951,"30,207",112.53,150,113.69,113.6900,,
56,2023/06/08,明係一,68041,櫃檯買賣,無擔保轉換公司債,美國標,2023/06/02,2023/06/06,"1,700",102,1,170,50,400,2023/06/19,兆豐證券股份,"177,199,790",0.5,171,"4,158",102.93,109,104.24,104.2400,,
58,2023/06/07,碩天二,36172,櫃檯買賣,無擔保轉換公司債,美國標,2023/06/01,2023/06/05,"10,200",100,1,"1,020",50,400,2023/06/16,宏遠證券,"1,097,954,960",0.5,652,"23,369",105.5,150,107.64,107.6400,,
59,2023/06/05,胡連一,62791,櫃檯買賣,無擔保轉換公司債,美國標,2023/05/30,2023/06/01,"12,750",102,1,"1,275",50,400,2023/06/14,永豐金證券,"1,384,715,900",0.5,"1,044","34,318",107.21,138.88,108.61,108.6100,,
61,2023/05/31,欣巴巴一,99061,櫃檯買賣,有擔保轉換公司債,美國標,2023/05/25,2023/05/29,"1,700",101,1,170,50,400,2023/06/09,統一綜合證券,"187,007,330",0.5,213,"5,818",108.83,115,110,110.0000,,
63,2023/05/24,正文六,49066,櫃檯買賣,無擔保轉換公司債,美國標,2023/05/18,2023/05/22,"13,201",101,1,"1,320",50,400,2023/06/02,凱基證券,"1,370,592,120",0.5,535,"23,142",102.33,110.01,103.82,103.8200,,
64,2023/05/19,聯合四,41294,櫃檯買賣,無擔保轉換公司債,美國標,2023/05/15,2023/05/17,"4,250",100,1,425,50,400,2023/05/30,凱基證券股份,"452,918,350",0.5,443,"15,667",105.03,114,106.57,106.5700,,
65,2023/05/15,建準三,24213,櫃檯買賣,無擔保轉換公司債,美國標,2023/05/09,2023/05/11,"10,200",100,1,"1,020",50,400,2023/05/24,台新綜合證券,"1,178,337,000",0.5,620,"23,927",113.52,121.13,115.52,115.5200,,
69,2023/04/17,晟德六,41236,櫃檯買賣,有擔保轉換公司債,美國標,2023/04/11,2023/04/13,"5,950",100,1,595,50,400,2023/04/26,元富證券股份,"654,998,900",0.5,681,"21,349",109.1,125.6,110.08,110.0800,,
71,2023/03/10,南良一,54501,櫃檯買賣,有擔保轉換公司債,美國標,2023/03/06,2023/03/08,"4,250",100.5,1,425,50,400,2023/03/21,日盛,"493,967,970",0.5,456,"13,528",113.28,125.65,116.23,116.2300,,
72,2023/03/10,鑫科三,36633,櫃檯買賣,有擔保轉換公司債,美國標,2023/03/06,2023/03/08,"1,700",101.5,1,170,50,400,2023/03/21,富邦綜合證券,"186,655,190",0.5,355,"9,433",108.11,129,109.8,109.8000,,
75,2023/03/07,永道-KY,6863,集中交易市場,第一上市初上市,美國標,2023/03/01,2023/03/03,"5,945",77.39,1,768,50,400,2023/03/21,凱基證券,"792,002,480",5,"7,190","114,926",125.88,190,133.22,83.5800,,
77,2023/02/24,嘉澤二,35332,櫃檯買賣,無擔保轉換公司債,美國標,2023/02/20,2023/02/22,"8,800",102,1,880,50,400,2023/03/09,元大,"951,609,470",0.6,837,"34,481",106.59,120,108.14,108.1400,,
序號,開標日期,證券名稱,證券代號,發行市場,發行性質,競拍方式,投標開始日,投標結束日,競拍數量(張),最低投標價格(元),最低每標單投標數量(張),最高投(得)標數量(張),保證金成數(%),每一投標單投標處理費(元),撥券日期(上市、上櫃日期),主辦券商,得標總金額(元),得標手續費率(%),總合格件,合格投標數量(張),最低得標價格(元),最高得標價格(元),得標加權平均價格(元),承銷價格(元),取消競價拍賣(流標或取消),
5,2020/12/07,永固一-KY,55461,櫃檯買賣,無擔保轉換公司債,美國標,2020/12/01,2020/12/03,"6,800",100,1,680,50,400,2020/12/16,中國信託綜合,"696,364,820",0.5,427,"9,989",100.11,120,102.41,102.4100,,
6,2020/12/04,信邦七,30237,櫃檯買賣,無擔保轉換公司債,美國標,2020/11/30,2020/12/02,"11,400",101,1,"1,140",50,400,2020/12/15,富邦綜合證券,"1,234,582,540",0.5,"1,005","32,101",107.22,158.28,108.3,108.3000,,
8,2020/12/03,森寶一,34891,櫃檯買賣,有擔保轉換公司債,美國標,2020/11/27,2020/12/01,900,103,1,90,50,400,2020/12/14,合作金庫證券,"96,729,890",0.5,223,"2,487",105.99,112.63,107.48,107.4800,,
10,2020/12/01,艾美特四KY,16264,櫃檯買賣,無擔保轉換公司債,美國標,2020/11/25,2020/11/27,"3,460",100,1,346,30,400,2020/12/10,凱基證券股份,"129,816,450",0.5,96,"1,280",100,106.02,101.42,100.0000,,
14,2020/11/23,台驊四,26364,櫃檯買賣,無擔保轉換公司債,美國標,2020/11/17,2020/11/19,"2,550",102,1,255,50,400,2020/12/02,凱基證券股份,"267,979,230",0.5,480,"10,480",104.2,108.69,105.09,105.0900,,
18,2020/10/21,桂盟三,53063,櫃檯買賣,有擔保轉換公司債,美國標,2020/10/15,2020/10/19,"8,500",103,1,850,30,400,2020/10/30,凱基證券股份,"913,722,320",1,718,"19,924",106.13,120,107.5,107.5000,,
19,2020/10/21,安集二,64772,櫃檯買賣,無擔保轉換公司債,美國標,2020/10/15,2020/10/19,"2,550",100,1,255,50,400,2020/10/30,國泰綜合證券,"306,465,660",0.5,599,"8,781",115.2,150.1,120.18,120.1800,,
21,2020/10/13,泰金一-KY,66291,櫃檯買賣,無擔保轉換公司債,美國標,2020/10/06,2020/10/08,"1,700",100,1,170,50,400,2020/10/22,中國信託綜合,"183,392,590",0.5,574,"8,668",106.1,113,107.88,107.8800,,
23,2020/09/28,智崴三,52633,櫃檯買賣,無擔保轉換公司債,美國標,2020/09/22,2020/09/24,"5,951",100,1,595,50,400,2020/10/12,台新綜合證券,"604,869,400",0.5,335,"11,333",100.7,115,101.64,101.6400,,
24,2020/09/24,十銓二,49672,櫃檯買賣,有擔保轉換公司債,美國標,2020/09/18,2020/09/22,"6,880",102,1,688,50,400,2020/10/07,第一金,"732,547,700",0.5,692,"16,215",105,240,106.47,106.4700,,
25,2020/09/24,網家一,80441,櫃檯買賣,有擔保轉換公司債,美國標,2020/09/18,2020/09/22,"13,304",103,1,"1,330",30,400,2020/10/07,凱基證券股份,"1,429,120,140",1.5,"1,138","31,470",105.77,230,107.42,107.4200,,
29,2020/08/26,集雅社一,29371,櫃檯買賣,有擔保轉換公司債,美國標,2020/08/20,2020/08/24,"2,125",104,1,212,50,400,2020/09/04,富邦綜合證券,"225,465,300",0.5,177,"2,989",104.6,120,106.1,106.1000,,
30,2020/08/25,永冠三-KY,15893,櫃檯買賣,無擔保轉換公司債,美國標,2020/08/19,2020/08/21,"12,750",100,1,"1,275",50,400,2020/09/03,中國信託綜合,"1,320,378,820",0.5,941,"24,755",101.5,120.02,103.56,103.5600,,
33,2020/08/06,鈺齊五-KY,98025,櫃檯買賣,無擔保轉換公司債,美國標,2020/07/31,2020/08/04,"4,250",100,1,425,50,400,2020/08/17,國票綜合證券,"452,831,280",0.5,648,"19,271",105.5,110.1,106.55,106.5500,,
34,2020/07/31,世紀鋼四,99584,櫃檯買賣,無擔保轉換公司債,美國標,2020/07/27,2020/07/29,"12,750",100,1,"1,275",50,400,2020/08/11,群益金鼎證券,"1,066,290,440",0.5,426,"10,544",100,110,101.13,100.0000,,
36,2020/05/28,豐藝三,61893,櫃檯買賣,無擔保轉換公司債,美國標,2020/05/22,2020/05/26,"8,500",101,1,850,50,400,2020/06/08,群益金鼎證券,"388,726,950",0.5,192,"3,740",101,498,103.94,101.0000,,
37,2020/05/26,ABC-KY,6598,集中交易市場,第一上市初上市,美國標,2020/05/20,2020/05/22,"6,516",40,1,824,50,400,2020/06/09,永豐金證券股,"587,776,660",5,"3,896","29,322",80.5,550,90.21,48.0000,,
39,2020/05/11,新唐一,49191,櫃檯買賣,無擔保轉換公司債,美國標,2020/05/05,2020/05/07,"18,000",100,1,"1,800",50,400,2020/05/20,中國信託綜合,"540,953,740",0.5,473,"5,361",100,110,100.91,100.0000,,
40,2020/05/06,永固-KY,5546,集中交易市場,第一上市初上市,美國標,2020/04/29,2020/05/04,"6,227",45,1,895,50,400,2020/05/20,康和綜合證券,"370,055,600",4.7,"1,564","23,781",55.58,88.9,59.43,58.5000,,
42,2020/04/20,撼訊四,61504,櫃檯買賣,無擔保轉換公司債,美國標,2020/04/14,2020/04/16,"3,550",100,1,355,50,400,2020/04/29,宏遠證券股份,"379,239,070",0.5,221,"4,439",102.22,117.33,106.83,106.8300,,
45,2020/02/26,劍麟二,22282,櫃檯買賣,無擔保轉換公司債,美國標,2020/02/20,2020/02/24,"2,550",100,1,255,50,400,2020/03/09,元大,"270,260,630",0.5,416,"11,327",104.5,110,105.98,105.9800,,
47,2020/02/21,光隆精密-KY,4581,集中交易市場,第一上市初上市,美國標,2020/02/17,2020/02/19,"2,713",32.11,1,349,50,400,2020/03/09,日盛證券,"121,209,460",5,"1,025","16,692",41.1,65,44.68,35.0000,,
49,2020/02/19,杏一二,41752,櫃檯買賣,無擔保轉換公司債,美國標,2020/02/13,2020/02/17,"2,550",102,1,255,50,400,2020/03/02,國泰綜合證券,"264,225,240",0.5,190,"4,108",102.65,110,103.62,103.6200,,
50,2020/02/18,冠西電三,24663,櫃檯買賣,有擔保轉換公司債,美國標,2020/02/12,2020/02/14,"2,660",102,1,266,50,400,2020/02/27,中國信託綜合,"277,980,900",0.5,481,"5,011",103.11,110,104.5,104.5000,,
51,2020/02/06,十銓一,49671,櫃檯買賣,有擔保轉換公司債,美國標,2020/01/31,2020/02/04,"4,250",102,1,425,50,400,2020/02/17,群益金鼎證券,"476,883,600",0.5,444,"11,307",110.7,119.6,112.21,112.2100,,
52,2020/01/09,磐儀三,35943,櫃檯買賣,無擔保轉換公司債,美國標,2020/01/03,2020/01/07,"2,550",100,1,255,50,400,2020/01/20,福邦證券,"267,389,720",0.5,241,"4,769",101.65,115.3,104.86,104.8600,,
53,2020/01/08,華友聯一,14361,櫃檯買賣,有擔保轉換公司債,美國標,2020/01/02,2020/01/06,"2,550",100,1,255,50,400,2020/01/17,第一金,"274,721,790",0.5,372,"7,637",106.66,120,107.73,107.7300,,
序號,開標日期,證券名稱,證券代號,發行市場,發行性質,競拍方式,投標開始日,投標結束日,競拍數量(張),最低投標價格(元),最低每標單投標數量(張),最高投(得)標數量(張),保證金成數(%),每一投標單投標處理費(元),撥券日期(上市、上櫃日期),主辦券商,得標總金額(元),得標手續費率(%),總合格件,合格投標數量(張),最低得標價格(元),最高得標價格(元),得標加權平均價格(元),承銷價格(元),取消競價拍賣(流標或取消),
4,2018/12/11,富林-KY,1341,集中交易市場,第一上市初上市,美國標,2018/12/5,2018/12/7,"3,959",24.83,1,520,50,400,2018/12/24,中國信託綜合,"145,462,780",4.5,768,"20,694",35.3,39.1,36.74,28.8,,
22,2018/9/7,基士德-KY,6641,集中交易市場,第一上市初上市,美國標,2018/9/3,2018/9/5,"2,719",62.5,1,365,50,400,2018/9/21,永豐金證券,"219,225,960",4.5,933,"14,627",78.1,96.96,80.63,75,,
27,2018/8/1,商億-KY,8482,集中交易市場,第一上市初上市,美國標,2018/7/26,2018/7/30,"7,999",100,1,"1,150",50,400,2018/8/15,凱基證券股份,"930,334,270",4.5,968,"12,004",104.9,170.62,116.31,115,,
34,2018/6/15,安力-KY,5223,櫃檯買賣,第一上櫃初上櫃,美國標,2018/6/11,2018/6/13,"3,459",25,1,497,50,400,2018/7/2,國泰綜合證券,"138,897,200",4,"1,418","32,376",35.72,55,40.16,27,,
序號,開標日期,證券名稱,證券代號,發行市場,發行性質,競拍方式,投標開始日,投標截止日,競拍數量(張),最低投標價格(元),最低每標單投標數量(張),最高投(得)標數量(張),保證金成數(%),每一投標單投標處理費(元),撥券日期(上市、上櫃日期),主辦券商,得標總金額(元),得標手續費率(%),總合格件,合格投標數量(張),最低得標價格(元),最高得標價格(元),得標加權平均價格(元),承銷價格(元),取消競價拍賣（流標或取消）,
1,2017/12/27,凱羿-KY,2939,集中交易市場,第一上市初上市,美國標,2017/12/21,2017/12/25,"2,898",130,2,402,50,400,2018/1/11,永豐金證券,"543,483,800",4.25,"1,195","9,571",181.7,200,187.54,156,,
2,2017/12/26,特昇-KY,6616,櫃檯買賣,第一上櫃初上櫃,美國標,2017/12/20,2017/12/22,"1,889",15,2,259,50,400,2018/1/10,永豐金證券,"39,795,550",4.5,520,"10,339",20,26.8,21.07,18,,
9,2017/11/10,鼎炫-KY,8499,集中交易市場,第一上市初上市,美國標,2017/11/6,2017/11/8,"4,139",80,2,595,50,400,2017/11/24,凱基證券股份,"451,000,270",4.5,"1,241","15,629",104,141,108.96,96,,
13,2017/9/18,精測,6510,櫃檯買賣,上櫃增資,美國標,2017/9/12,2017/9/14,"1,530","1,267.33",1,153,50,400,2017/9/27,元大,"1,772,575,830",1,216,"1,381","1,267.33","1,320","1,283.55",1267.33,,
14,2017/9/13,宏旭-KY,2243,集中交易市場,第一上市初上市,美國標,2017/9/7,2017/9/11,"3,327",30,1,416,50,400,2017/9/27,富邦綜合證券,"117,189,940",4.5,580,"12,150",33.2,50,35.22,33,,
17,2017/9/12,虹揚-KY,6573,集中交易市場,第一上市初上市,美國標,2017/9/6,2017/9/8,"5,099",30,2,637,50,400,2017/9/26,康和綜合證券,"182,798,620",4,640,"15,988",33.68,51.5,35.85,33.6,,
23,2017/6/12,日成-KY,4807,集中交易市場,第一上市初上市,美國標,2017/6/6,2017/6/8,"3,053",60,2,381,50,400,2017/6/26,永豐金證券,"219,014,060",5,812,"7,876",68.8,86.85,71.74,66,,
25,2017/5/24,全宇-KY,4148,集中交易市場,第一上市初上市,美國標,2017/5/18,2017/5/22,"5,123",50,2,640,50,400,2017/6/8,永豐金證券股,"307,848,440",4.5,771,"11,865",55.52,100,60.09,55,,
27,2017/5/16,亞獅康-KY,6497,櫃檯買賣,第一上櫃初上櫃,美國標,2017/5/10,2017/5/12,"10,409",64,1,"1,301",50,400,2017/6/1,凱基證券股份,"717,437,550",3,638,"15,144",64,166,68.92,68.92,,
