序號,開標日期,公司名稱,股票代號,發行市場,發行性質,競拍方式,投標開始日,投標結束日,競拍數量(張),最低投標價格(元),最低每標單投標數量(張),最高投(得)標數量(張),保證金成數(%),每一投標單投標處理費(元),撥券日期(上市、上櫃日期),主辦券商,得標總金額(元),得標手續費率(%),總合格件,合格投標數量(張),最低得標價格(元),最高得標價格(元),得標加權平均價格(元),實際承銷價格(元),取消競價拍賣(流標或取消),
5,2025/08/15,竑騰,7751,櫃檯買賣,初上櫃,美國標,2025/08/11,2025/08/13,"1,685",288,1,213,50,400,2025/08/26,台新,"703,093,140",5,"2,660","11,533",411.62,450,417.27,360.0000,,
6,2025/08/12,友霖,4166,櫃檯買賣,初上櫃,美國標,2025/08/06,2025/08/08,"13,600",22.4,1,"1,710",50,400,2025/08/21,元富,"389,366,910",5,"1,410","27,782",26.8,42.8,28.63,28.0000,,
9,2025/07/31,星亞,7753,櫃檯買賣,初上櫃,美國標,2025/07/23,2025/07/25,"1,972",38.79,1,256,50,400,2025/08/11,凱基,"107,305,490",5,"1,367","12,971",53.2,60,54.41,45.0000,,
12,2025/07/28,凌航,3135,集中交易市場,初上市,美國標,2025/07/22,2025/07/24,"6,202",22.95,1,825,50,400,2025/08/06,統一,"191,629,360",5,"1,596","30,042",30,39,30.9,28.0000,,
17,2025/07/18,微程式,7721,集中交易市場,初上市,美國標,2025/07/14,2025/07/16,"3,613",43.8,1,461,50,400,2025/07/29,富邦,"251,405,230",5,"1,909","20,702",67,90,69.58,53.0000,,
18,2025/07/18,碩網,7547,櫃檯買賣,初上櫃,美國標,2025/07/14,2025/07/16,"2,624",50,1,327,50,400,2025/07/29,永豐金,"250,628,520",5,"2,602","19,282",93,104.35,95.51,60.0000,,
21,2025/07/02,昕奇雲端,7747,櫃檯買賣,初上櫃,美國標,2025/06/26,2025/06/30,"2,584",82.76,1,333,50,400,2025/07/11,凱基,"354,608,550",5,"3,252","22,156",134.01,150,137.23,96.0000,,
31,2025/05/29,愛派司,6918,集中交易市場,初上市,美國標,2025/05/23,2025/05/27,"2,788",62.5,1,358,50,400,2025/06/10,統一,"237,619,320",5,"1,912","14,505",83,92,85.23,75.0000,,
34,2025/05/19,意藍,6925,櫃檯買賣,初上櫃,美國標,2025/05/13,2025/05/15,"1,645",39.48,1,210,50,400,2025/05/28,凱基,"86,704,470",5,"1,013","13,273",50.55,115,52.71,45.8000,,
35,2025/05/19,兆聯實業,6944,集中交易市場,初上市,美國標,2025/05/13,2025/05/15,"4,911",225.86,1,613,50,400,2025/05/28,富邦,"1,564,789,380",5,"3,764","21,959",310,368,318.63,262.0000,,
37,2025/05/16,生合,1295,櫃檯買賣,初上櫃,美國標,2025/05/12,2025/05/14,"2,122",46.31,1,268,50,400,2025/05/27,台新,"125,838,590",5,"1,047","12,180",57.8,68,59.3,56.5000,,
38,2025/05/13,昶瑞機電,7642,櫃檯買賣,初上櫃,美國標,2025/05/07,2025/05/09,"2,483",58.05,1,335,50,400,2025/05/22,富邦,"181,493,290",5,"1,068","13,229",71.11,100,73.09,66.1800,,
39,2025/05/12,創控,6909,集中交易市場,初上市,美國標,2025/05/06,2025/05/08,"4,135",25,1,516,50,400,2025/05/21,國泰,"153,764,300",5,"1,060","12,603",34.5,58.7,37.19,32.0000,,
40,2025/05/09,金利食安,7743,櫃檯買賣,初上櫃,美國標,2025/05/05,2025/05/07,"2,246",25,1,283,50,400,2025/05/20,凱基,"73,044,260",5,775,"10,468",30.7,37.01,32.52,28.0000,,
41,2025/05/09,久禾光,6498,櫃檯買賣,初上櫃,美國標,2025/05/05,2025/05/07,"3,808",60,1,491,50,400,2025/05/20,宏遠,"288,397,270",5,949,"14,380",72.5,84.1,75.73,72.0000,,
43,2025/04/28,立誠,6597,櫃檯買賣,初上櫃,美國標,2025/04/22,2025/04/24,"2,516",76.8,1,319,50,400,2025/05/08,福邦,"217,821,590",2.5,547,"6,651",79.01,102,86.57,86.5700,,
44,2025/04/21,築間,7723,櫃檯買賣,初上櫃,美國標,2025/04/15,2025/04/17,"3,251",40.18,1,416,50,400,2025/04/30,凱基,"150,971,040",5,668,"11,813",45,60,46.44,45.0000,,
45,2025/04/17,永鴻生技,6936,集中交易市場,初上市,美國標,2025/04/11,2025/04/15,"4,623",24.15,1,664,50,400,2025/04/28,富邦,"156,385,070",5,"1,270","21,439",31.1,45,33.83,28.0100,,
49,2025/03/11,台灣精材,3467,櫃檯買賣,初上櫃,美國標,2025/03/05,2025/03/07,"1,972",28,1,256,50,400,2025/03/25,元大,"117,441,650",5,"1,848","18,036",56,111.99,59.55,35.0000,,
50,2025/03/04,友鋮,7718,櫃檯買賣,初上櫃,美國標,2025/02/25,2025/02/27,"3,713",33.06,1,474,50,400,2025/03/18,富邦,"187,313,040",5,"1,711","21,213",49.11,81.41,50.45,40.0000,,
52,2025/03/04,虎山,7736,集中交易市場,初上市,美國標,2025/02/25,2025/02/27,"4,931",68.69,1,636,50,400,2025/03/18,元大,"555,074,890",5,"2,463","27,404",110,168,112.57,83.8000,,
55,2025/02/20,浩宇生醫,6872,櫃檯買賣,初上櫃,美國標,2025/02/14,2025/02/18,"5,658",18,1,727,50,400,2025/03/07,元富,"157,930,290",5,"1,366","22,250",26,138.8,27.91,23.4000,,
58,2025/02/19,光焱科技,7728,櫃檯買賣,初上櫃,美國標,2025/02/13,2025/02/17,"1,109",200,1,141,50,400,2025/03/06,台新,"358,984,020",5,"2,058","8,162",310.68,370.55,323.7,220.0000,,
65,2025/02/12,印能科技,7734,櫃檯買賣,初上櫃,美國標,2025/02/06,2025/02/10,"1,531","1,050.42",1,191,50,400,2025/02/26,台新,"2,180,556,240",5,"2,028","4,855","1,351.5","1,631","1,424.27",1250.0000,,
66,2025/02/11,榮田,7709,櫃檯買賣,初上櫃,美國標,2025/02/05,2025/02/07,"3,129",39.82,1,394,50,400,2025/02/25,台新,"164,478,170",5,"1,580","18,717",51,62,52.57,45.0000,,
67,2025/02/10,威力德生醫,7713,櫃檯買賣,初上櫃,美國標,2025/02/04,2025/02/06,"2,808",50,1,356,50,400,2025/02/24,台新,"181,142,920",5,"1,245","11,103",62,71.4,64.51,55.0000,,
72,2025/01/03,新應材,4749,櫃檯買賣,初上櫃,美國標,2024/12/27,2024/12/31,"7,406",410.26,1,925,50,400,2025/01/17,兆豐,"4,347,847,990",5,"3,703","19,939",570,661,587.07,480.0000,,
1,2024/12/31,裕山,7715,櫃檯買賣,初上櫃,美國標,2024/12/25,2024/12/27,"2,664",33,1,343,50,400,2025/01/15,永豐金,"118,684,040",5,870,"11,081",42.86,70,44.55,39.6000,,
2,2024/12/31,富威電力,6994,集中交易市場,初上市,美國標,2024/12/25,2024/12/27,"7,140",69.83,1,902,50,400,2025/01/15,福邦,"628,860,290",5,"1,537","17,089",81.23,110,88.08,81.0000,,
3,2024/12/31,青松健康,6931,集中交易市場,初上市,美國標,2024/12/25,2024/12/27,"4,148",55.37,1,528,50,400,2025/01/15,福邦,"323,817,350",5,819,"9,688",71,88.98,78.07,67.0000,,
4,2024/12/31,創泓科技,7714,櫃檯買賣,初上櫃,美國標,2024/12/25,2024/12/27,"1,612",72.5,1,209,50,400,2025/01/15,中國信託,"138,721,480",5,481,"3,076",80.1,100,86.06,86.0600,,
5,2024/12/30,金興精密,7732,集中交易市場,初上市,美國標,2024/12/24,2024/12/26,"4,080",32,1,520,50,400,2025/01/14,福邦,"172,401,030",5,952,"16,461",41.9,48,42.26,40.0000,,
10,2024/12/12,博盛半導體,7712,櫃檯買賣,初上櫃,美國標,2024/12/06,2024/12/10,"2,135",161.74,1,268,50,400,2024/12/26,兆豐,"424,411,900",5,"1,107","6,820",191,296,198.79,186.0000,,
14,2024/12/04,大井泵浦,6982,櫃檯買賣,初上櫃,美國標,2024/11/28,2024/12/02,"3,400",40.8,1,425,50,400,2024/12/18,華南永昌,"182,390,510",5,"2,011","18,975",52.01,118,53.64,51.0000,,
15,2024/12/02,明遠精密,7704,櫃檯買賣,初上櫃,美國標,2024/11/26,2024/11/28,"2,088",60,1,266,50,400,2024/12/16,凱基,"173,424,530",5,"1,258","11,383",79.06,100,83.06,69.0000,,
16,2024/12/02,全福生技,6885,集中交易市場,初上市,美國標,2024/11/26,2024/11/28,"10,521",30.16,1,"1,320",50,400,2024/12/16,元富,"339,949,270",5,833,"20,700",30.3,112,32.31,32.3100,,
17,2024/12/02,博弘,6997,櫃檯買賣,初上櫃,美國標,2024/11/26,2024/11/28,"1,364",87.07,1,195,50,400,2024/12/16,元大,"169,544,170",5,"1,500","12,239",121.9,171.1,124.3,101.0000,,
20,2024/11/27,達運光電,8045,集中交易市場,初上市,美國標,2024/11/21,2024/11/25,"7,623",59.31,1,972,50,400,2024/12/11,華南永昌,"547,911,610",5,"1,886","23,135",68,100,71.88,68.8000,,
22,2024/11/26,力領科技,6996,櫃檯買賣,初上櫃,美國標,2024/11/20,2024/11/22,"2,593",181.82,1,334,50,400,2024/12/10,兆豐,"623,384,950",5,"2,178","14,052",233.2,258.5,240.41,200.0000,,
23,2024/11/21,LINEPAY,7722,集中交易市場,初上市,美國標,2024/11/15,2024/11/19,"6,080",409.68,1,782,50,400,2024/12/05,凱基,"3,206,438,610",5,"3,224","14,985",488,710,527.37,508.0000,,
25,2024/11/20,久昌,6720,櫃檯買賣,初上櫃,美國標,2024/11/14,2024/11/18,"2,280",120,1,290,50,400,2024/12/04,中國信託,"366,043,990",5,"1,358","8,470",155.71,172.8,160.55,138.0000,,
30,2024/11/12,三商餐飲,7705,集中交易市場,初上市,美國標,2024/11/06,2024/11/08,"4,067",58.58,1,528,50,400,2024/11/26,國泰,"347,402,750",5,"4,946","32,128",83.88,117,85.42,70.8800,,
36,2024/11/01,全家餐飲,7708,櫃檯買賣,初上櫃,美國標,2024/10/25,2024/10/29,"1,700",62.07,1,232,50,400,2024/11/15,元大,"164,434,670",5,"7,451","42,262",94.17,152,96.73,72.0000,,
37,2024/10/29,銳澤,7703,櫃檯買賣,初上櫃,美國標,2024/10/23,2024/10/25,"2,140",107.14,1,272,50,400,2024/11/13,凱基,"331,559,890",5,"4,707","25,974",151.66,173,154.93,120.0000,,
46,2024/10/11,星宇航空,2646,集中交易市場,初上市,美國標,2024/10/04,2024/10/08,"319,600",17.39,1,"39,950",50,400,2024/10/25,第一金,"7,440,972,870",4.25,"32,011","687,938",21.63,100,23.28,20.0000,,
51,2024/10/08,全景軟體,8272,櫃檯買賣,初上櫃,美國標,2024/10/02,2024/10/04,"1,224",50.86,1,159,50,400,2024/10/23,富邦,"105,285,380",5,"1,244","9,176",80.85,168.8,86.02,59.0000,,
59,2024/09/18,康霈*,6919,集中交易市場,初上市,美國標,2024/09/11,2024/09/13,"10,080",364.54,1,"1,340",50,400,2024/10/02,元大,"4,780,189,340",3.8,"3,476","24,757",442,560,474.23,433.8000,,
60,2024/09/16,鴻呈,6913,櫃檯買賣,初上櫃,美國標,2024/09/10,2024/09/12,"2,568",80.8,1,321,50,400,2024/10/01,兆豐,"258,670,460",5,717,"8,441",96.89,106.5,100.73,100.7300,,
62,2024/09/11,漢田生技,1294,櫃檯買賣,初上櫃,美國標,2024/09/05,2024/09/09,"1,700",100,1,215,50,400,2024/09/26,中國信託,"203,641,860",5,588,"4,879",115,192.88,119.79,118.0000,,
64,2024/09/10,汎瑋材料,6967,櫃檯買賣,初上櫃,美國標,2024/09/04,2024/09/06,"1,587",43.48,1,218,50,400,2024/09/25,凱基,"93,784,810",5,719,"8,541",57.1,65,59.1,50.0000,,
65,2024/09/10,中台,6923,集中交易市場,初上市,美國標,2024/09/04,2024/09/06,"6,330",67.8,1,826,50,400,2024/09/25,元大,"552,821,350",5,"1,228","23,645",85,124.1,87.33,80.0000,,
67,2024/09/05,台特化,4772,櫃檯買賣,初上櫃,美國標,2024/08/30,2024/09/03,"6,800",88,1,850,50,400,2024/09/20,元大,"938,302,280",5,"3,302","32,001",132.31,150,137.99,110.0000,,
69,2024/08/27,王座,2751,櫃檯買賣,初上櫃,美國標,2024/08/21,2024/08/23,"1,872",60,1,239,50,400,2024/09/10,永豐金,"134,022,040",5,582,"4,576",67.8,82,71.59,70.8000,,
75,2024/08/19,竹陞科技,6739,櫃檯買賣,初上櫃,美國標,2024/08/13,2024/08/15,"1,904",68.18,1,243,50,400,2024/09/02,群益金鼎,"227,299,170",5,"1,220","9,227",111.13,137,119.38,75.0000,,
79,2024/08/06,日盛台駿,6958,集中交易市場,初上市,美國標,2024/07/31,2024/08/02,"16,000",26.09,1,"2,010",50,400,2024/08/20,台新,"511,114,390",5,"1,240","34,105",29.5,40,31.94,30.0000,,
82,2024/07/31,萬達寵物,6968,櫃檯買賣,初上櫃,美國標,2024/07/25,2024/07/29,"2,686",53.97,1,338,50,400,2024/08/14,福邦,"209,665,740",5,908,"13,709",75.2,101,78.06,68.0000,,
83,2024/07/30,台新藥,6838,集中交易市場,初上市,美國標,2024/07/22,2024/07/26,"12,096",30,1,"1,522",50,400,2024/08/13,凱基,"462,734,520",5,"1,487","35,278",34.88,54,38.26,36.0000,,
88,2024/07/11,樂意,7584,櫃檯買賣,初上櫃,美國標,2024/07/05,2024/07/09,"1,318",62.5,1,174,50,400,2024/07/25,元富,"146,419,710",5,"1,869","12,834",108.16,121.32,111.09,75.0000,,
103,2024/06/03,醫影,6637,櫃檯買賣,初上櫃,美國標,2024/05/28,2024/05/30,"1,945",60,1,243,50,400,2024/06/18,富邦,"164,051,890",5,"1,004","6,907",81.3,91.5,84.35,66.0000,,
104,2024/05/29,大武山,6952,集中交易市場,初上市,美國標,2024/05/23,2024/05/27,"5,468",50,1,688,50,400,2024/06/13,台新綜合證券,"312,374,440",5,665,"8,576",50.11,171,57.13,57.1300,,
106,2024/05/28,巨漢,6903,櫃檯買賣,初上櫃,美國標,2024/05/22,2024/05/24,"4,375",133.63,1,556,50,400,2024/06/12,富邦,"767,572,750",5,"1,615","10,578",168.6,200,175.45,151.0000,,
115,2024/05/07,潤德,6881,櫃檯買賣,初上櫃,美國標,2024/04/30,2024/05/03,"1,020",129.92,1,127,50,400,2024/05/21,第一金,"199,025,200",5,562,"3,645",195.1,199,195.12,165.0000,,
117,2024/05/02,攸泰科技,6928,集中交易市場,初上市,美國標,2024/04/25,2024/04/29,"7,920",54.62,1,990,50,400,2024/05/16,福邦證券,"671,262,620",5,"1,269","17,939",79.3,106.4,84.76,65.0000,,
118,2024/04/26,巧新,1563,集中交易市場,初上市,美國標,2024/04/22,2024/04/24,"16,000",62.5,1,"2,005",50,400,2024/05/13,凱基,"1,193,454,650",4.4,"2,377","50,280",71.91,270.22,74.59,70.0000,,
119,2024/04/26,家碩,6953,櫃檯買賣,初上櫃,美國標,2024/04/22,2024/04/24,"1,848",188.52,1,231,50,400,2024/05/13,元大,"508,212,420",5,"1,506","16,790",270,300,275.01,216.8000,,
120,2024/04/25,有成精密,4949,集中交易市場,初上市,美國標,2024/04/18,2024/04/22,"4,176",20,1,522,50,400,2024/05/09,福邦證券,"119,574,700",5,644,"12,282",26.5,54,28.63,24.0000,,
121,2024/04/18,阜爾運通,6914,集中交易市場,初上市,美國標,2024/04/12,2024/04/16,"4,076",120,1,519,50,400,2024/05/03,中國信託,"765,296,420",5,"1,612","12,644",181.9,220.1,187.76,132.0000,,
122,2024/03/21,創為精密,6899,櫃檯買賣,初上櫃,美國標,2024/03/15,2024/03/19,"2,611",43.1,1,336,50,400,2024/04/08,凱基證券,"174,345,000",5,"1,461","17,916",65.66,125,66.77,50.0000,,
125,2024/03/14,佑全,6929,櫃檯買賣,初上櫃,美國標,2024/03/08,2024/03/12,"2,904",55.09,1,363,50,400,2024/03/28,台新綜合證券,"250,047,240",5,"1,136","13,544",83,99.5,86.1,65.0100,,
126,2024/03/12,國邑*,6875,櫃檯買賣,初上櫃,美國標,2024/03/06,2024/03/08,"8,024",54.17,1,"1,033",50,400,2024/03/26,國泰綜合證券,"719,463,710",5,"2,299","24,915",85,106.11,89.66,65.0000,,
127,2024/03/12,眾福科,3168,集中交易市場,初上市,美國標,2024/03/06,2024/03/08,"6,264",42.02,1,783,50,400,2024/03/26,福邦證券,"386,895,410",5,"1,469","18,101",59.6,83.5,61.76,50.0000,,
128,2024/03/06,米斯特,2941,櫃檯買賣,初上櫃,美國標,2024/02/29,2024/03/04,"1,008",65,1,127,50,400,2024/03/20,國泰綜合證券,"94,625,670",5,776,"5,883",91,123,93.87,78.0000,,
129,2024/03/04,安倉,5548,櫃檯買賣,初上櫃,美國標,2024/02/26,2024/02/29,"2,516",18.02,1,314,50,400,2024/03/18,福邦證券,"80,857,700",5,"1,132","13,932",30.1,38.8,32.14,20.0000,,
130,2024/03/04,望隼,4771,集中交易市場,初上市,美國標,2024/02/26,2024/02/29,"3,540",155.17,1,462,50,400,2024/03/18,凱基證券股份,"922,202,500",5,"3,313","23,525",255.22,300,260.51,180.0000,,
135,2024/02/22,諾貝兒,6844,櫃檯買賣,初上櫃,美國標,2024/02/16,2024/02/20,"2,034",134.92,1,257,50,400,2024/03/08,台新綜合證券,"394,420,950",5,"1,901","12,541",189.1,218,193.91,170.0000,,
138,2024/01/19,進能服,6692,櫃檯買賣,初上櫃,美國標,2024/01/15,2024/01/17,"4,156",24,1,597,50,400,2024/02/02,統一綜合證券,"130,578,640",5,987,"21,156",30.6,37,31.42,30.0000,,
141,2024/01/15,玖鼎電力,4588,集中交易市場,初上市,美國標,2024/01/09,2024/01/11,"2,652",41.71,1,331,50,400,2024/01/29,富邦綜合證券,"168,865,230",5,"1,890","18,475",61.71,158,63.67,45.8800,,
1,2023/12/29,現觀科,6906,集中交易市場,初上市,美國標,2023/12/25,2023/12/27,"2,064",100,1,263,50,400,2024/01/15,台新綜合證券,"303,973,010",5,"2,428","21,628",144.88,165,147.27,118.0000,,
10,2023/12/01,欣新網,2949,櫃檯買賣,初上櫃,美國標,2023/11/27,2023/11/29,"1,498",80.36,1,207,50,400,2023/12/15,台新綜合證券,"189,832,750",5,"1,668","11,044",120.8,135.8,126.72,90.0000,,
11,2023/11/28,天虹,6937,集中交易市場,初上市,美國標,2023/11/22,2023/11/24,"4,624",100,1,588,50,400,2023/12/12,元大,"779,328,250",5,"2,336","22,871",161,196,168.54,115.0000,,
12,2023/11/28,寶陞國際,2948,櫃檯買賣,初上櫃,美國標,2023/11/22,2023/11/24,"2,297",60,1,305,50,400,2023/12/12,兆豐證券股份,"181,408,260",5,900,"9,793",76,129.51,78.98,72.0000,,
15,2023/11/21,伯鑫,6904,櫃檯買賣,初上櫃,美國標,2023/11/15,2023/11/17,"1,360",71.05,1,170,50,400,2023/12/05,國泰綜合證券,"151,395,700",5,"1,386","10,775",110,116.1,111.32,81.0000,,
17,2023/11/21,澤米,6742,集中交易市場,初上市,美國標,2023/11/15,2023/11/17,"4,476",40,1,569,50,400,2023/12/05,中國信託綜合,"237,179,000",5,"1,091","10,346",50.01,69,52.99,48.0000,,
18,2023/11/21,華凌,6916,集中交易市場,初上市,美國標,2023/11/15,2023/11/17,"5,400",20,1,705,50,400,2023/12/05,元大,"144,926,840",5,917,"20,763",25.78,45.72,26.84,24.0000,,
21,2023/11/15,衛司特,6894,櫃檯買賣,初上櫃,美國標,2023/11/09,2023/11/13,"2,312",100,1,293,50,400,2023/11/29,兆豐證券股份,"318,714,310",5,"1,528","12,847",132.88,161,137.85,106.0000,,
23,2023/11/07,華懋,5292,集中交易市場,初上市,美國標,2023/11/01,2023/11/03,"2,880",60.71,1,370,50,400,2023/11/21,群益金鼎證券,"239,943,430",5,"1,042","9,880",78.89,98,83.31,68.0000,,
27,2023/10/26,宸曜,6922,櫃檯買賣,初上櫃,美國標,2023/10/20,2023/10/24,"1,704",70.69,1,213,50,400,2023/11/09,凱基證券股份,"161,892,080",5,822,"8,573",88.6,228,95.01,82.0000,,
28,2023/10/26,富世達,6805,集中交易市場,初上市,美國標,2023/10/20,2023/10/24,"5,508",175.44,1,698,50,400,2023/11/09,台新綜合證券,"1,316,628,050",5,"2,111","17,907",226.12,270,239.04,200.0000,,
30,2023/10/19,聯策,6658,集中交易市場,初上市,美國標,2023/10/13,2023/10/17,"2,024",25,1,290,50,400,2023/11/02,元富證券,"77,552,370",5,"1,644","17,300",36.3,59,38.32,28.0000,,
33,2023/10/13,鑫傳,6856,櫃檯買賣,初上櫃,美國標,2023/10/05,2023/10/11,"3,024",54.62,1,388,50,400,2023/10/27,台新綜合證券,"203,296,370",5,750,"10,707",62,80,67.23,65.0000,,
36,2023/10/03,達發,6526,集中交易市場,初上市,美國標,2023/09/26,2023/09/28,"13,952",403.51,1,"1,748",50,400,2023/10/19,凱基證券,"6,066,866,190",4,"1,925","17,196",403.51,590,434.84,434.8400,,
40,2023/09/06,鑽石生技,6901,集中交易市場,初上市,美國標,2023/08/30,2023/09/01,"68,000",37.74,1,"8,500",50,400,2023/09/19,華南永昌綜合,"3,208,111,630",4,"5,400","117,170",39.85,71,47.18,40.0000,,
42,2023/08/31,騰雲,6870,櫃檯買賣,初上櫃,美國標,2023/08/25,2023/08/29,"1,496",100,1,205,50,400,2023/09/14,福邦證券,"226,185,920",5,845,"8,210",144,173,151.19,128.0000,,
47,2023/08/08,宏碩系統,6895,櫃檯買賣,初上櫃,美國標,2023/08/02,2023/08/04,"2,108",90.09,1,268,50,400,2023/08/22,兆豐證券股份,"296,477,330",5,"1,010","8,112",135,155,140.64,100.0000,,
57,2023/06/07,雄順,2073,櫃檯買賣,初上櫃,美國標,2023/06/01,2023/06/05,"1,702",18.8,1,222,50,400,2023/06/21,永豐金證券,"53,578,840",5,"1,126","16,543",31,39.35,31.48,22.0000,,
60,2023/06/02,鏵友益,6877,櫃檯買賣,初上櫃,美國標,2023/05/29,2023/05/31,"2,091",20,1,276,50,400,2023/06/16,元大,"80,703,930",5,"1,463","21,836",37.98,42.5,38.6,22.0000,,
62,2023/05/29,華安,6657,集中交易市場,初上市,美國標,2023/05/23,2023/05/25,"6,090",36,1,781,50,400,2023/06/12,中國信託綜合,"325,460,380",5,"2,252","28,277",51.68,70,53.44,42.1200,,
66,2023/05/08,聯寶,6821,櫃檯買賣,初上櫃,美國標,2023/05/02,2023/05/04,"1,896",25,1,272,50,400,2023/05/22,康和綜合證券,"83,610,700",5,"1,490","12,905",43.2,62,44.1,30.0000,,
67,2023/05/04,南俊國際,6584,櫃檯買賣,初上櫃,美國標,2023/04/27,2023/05/02,"5,271",30,1,668,50,400,2023/05/18,凱基證券,"342,083,530",5,"2,274","31,359",62.4,71.7,64.9,36.0000,,
68,2023/04/28,綠茵生技,6846,櫃檯買賣,初上櫃,美國標,2023/04/24,2023/04/26,"1,656",56.2,1,212,50,400,2023/05/15,福邦證券,"151,979,980",5,"1,781","12,649",90,106,91.78,68.0000,,
70,2023/03/13,睿生光電,6861,集中交易市場,初上市,美國標,2023/03/07,2023/03/09,"2,448",59.83,1,336,50,400,2023/03/27,元大,"302,311,290",5,"3,082","18,988",120.89,131.9,123.49,70.0000,,
73,2023/03/10,東研信超,6840,櫃檯買賣,初上櫃,美國標,2023/03/06,2023/03/08,"1,556",58.12,1,204,50,400,2023/03/24,永豐金證券,"136,536,980",5,"2,008","16,796",86.2,99.5,87.75,68.0000,,
74,2023/03/10,建德工業,6606,集中交易市場,初上市,美國標,2023/03/06,2023/03/08,"8,825",16.96,1,"1,163",50,400,2023/03/24,元富證券股份,"241,423,480",5,"2,390","40,815",26,60,27.36,19.0000,,
76,2023/02/24,長榮航太,2645,集中交易市場,初上市,美國標,2023/02/20,2023/02/22,"14,800",57.63,1,"1,850",50,400,2023/03/14,凱基證券,"1,227,569,310",4.5,"6,034","89,073",81,105,82.94,68.0000,,
78,2023/02/22,龍德造船,6753,集中交易市場,初上市,美國標,2023/02/16,2023/02/20,"7,020",28.3,1,882,50,400,2023/03/10,兆豐證券股份,"537,020,900",5,"4,775","51,594",74.28,87,76.5,30.0000,,
2,2022/12/27,偉康,6865,櫃檯買賣,初上櫃,美國標,2022/12/21,2022/12/23,886,48.33,1,113,50,400,2023/01/11,日盛,"71,575,620",5,"1,648","10,960",79.42,100,80.79,58.0000,,
4,2022/12/15,天擎,6708,櫃檯買賣,初上櫃,美國標,2022/12/09,2022/12/13,"2,322",25.45,1,300,50,400,2022/12/29,凱基證券,"137,927,180",5,"2,125","20,089",57,72,59.4,28.0000,,
5,2022/12/06,巨有科技,8227,櫃檯買賣,初上櫃,美國標,2022/11/30,2022/12/02,"2,988",36.17,1,385,50,400,2022/12/20,華南永昌綜合,"231,565,980",5,"3,086","35,329",75.6,83,77.5,42.6800,,
9,2022/12/01,保勝光學,6517,櫃檯買賣,初上櫃,美國標,2022/11/25,2022/11/29,"1,883",29.29,1,270,50,400,2022/12/15,凱基證券股份,"79,584,020",5,"1,915","25,152",41.48,45.22,42.26,32.8000,,
10,2022/12/01,展達,3447,集中交易市場,初上市,美國標,2022/11/25,2022/11/29,"4,947",22.22,1,668,50,400,2022/12/15,元大,"162,992,730",5,"1,670","35,063",32.25,37,32.95,26.0000,,
11,2022/11/30,倍力,6874,櫃檯買賣,初上櫃,美國標,2022/11/24,2022/11/28,"2,143",40,1,272,50,400,2022/12/14,富邦綜合證券,"96,177,680",5,532,"5,056",43,50.8,44.88,44.8800,,
14,2022/11/14,伯特光,6859,櫃檯買賣,初上櫃,美國標,2022/11/08,2022/11/10,"2,182",85,1,272,50,400,2022/11/28,福邦證券,"225,466,360",5,602,"6,145",95,170.5,103.33,102.0000,,
15,2022/11/14,視陽,6782,集中交易市場,初上市,美國標,2022/11/08,2022/11/10,"5,627",138.84,1,753,50,400,2022/11/28,元大,"1,030,409,020",5,"1,575","18,820",176,201,183.12,168.0000,,
19,2022/11/07,進典,6843,櫃檯買賣,初上櫃,美國標,2022/11/01,2022/11/03,"2,665",30.17,1,343,50,400,2022/11/21,永豐金證券,"97,293,510",5,741,"8,925",34.89,44.5,36.51,35.0000,,
20,2022/10/31,虎門科技,6791,櫃檯買賣,初上櫃,美國標,2022/10/25,2022/10/27,"1,673",38.33,1,240,50,400,2022/11/14,富邦綜合證券,"83,402,990",5,522,"5,904",45.22,60,49.85,46.0000,,
21,2022/10/27,圓裕,6835,集中交易市場,初上市,美國標,2022/10/21,2022/10/25,"4,080",30,1,560,50,400,2022/11/10,台新綜合證券,"144,490,470",5,620,"10,549",33.2,44,35.41,35.4100,,
22,2022/10/21,芯鼎,6695,集中交易市場,初上市,美國標,2022/10/17,2022/10/19,"6,820",33.45,1,862,50,400,2022/11/04,兆豐證券股份,"246,561,010",5,412,"14,158",33.65,42.5,36.15,36.1500,,
24,2022/10/20,精拓科,4951,櫃檯買賣,初上櫃,美國標,2022/10/14,2022/10/18,"2,733",40,1,353,50,400,2022/11/03,第一金,"119,473,440",5,373,"5,362",42,48.8,43.72,43.7200,,
28,2022/09/22,數泓科,6855,櫃檯買賣,初上櫃,美國標,2022/09/16,2022/09/20,"1,306",66.09,1,169,50,400,2022/10/06,台新綜合證券,"112,323,810",5,"1,270","11,777",83.2,96,86.01,76.0000,,
30,2022/09/21,君帆,4584,櫃檯買賣,初上櫃,美國標,2022/09/15,2022/09/19,"2,040",36.88,1,260,50,400,2022/10/05,凱基證券,"102,522,090",5,"1,241","18,451",48.6,79,50.26,40.5700,,
34,2022/08/29,伊雲谷,6689,集中交易市場,初上市,美國標,2022/08/23,2022/08/25,"5,440",107.69,1,720,50,400,2022/09/13,台新綜合證券,"743,296,220",5,"1,375","16,216",127.2,175,136.64,112.0000,,
36,2022/08/25,奇鈦科,3430,櫃檯買賣,初上櫃,美國標,2022/08/19,2022/08/23,"2,707",35,1,348,50,400,2022/09/08,中國信託綜合,"133,005,320",5,"1,357","17,587",46.3,59.11,49.13,42.0000,,
37,2022/08/18,天二科技,6834,集中交易市場,初上市,美國標,2022/08/12,2022/08/16,"5,879",24.5,1,739,50,400,2022/09/01,台新綜合證券,"163,658,110",5,661,"21,754",25.88,103.5,27.84,26.9500,,
38,2022/08/17,汎銓,6830,集中交易市場,初上市,美國標,2022/08/11,2022/08/15,"3,744",86.96,1,487,50,400,2022/08/31,台新綜合證券,"412,904,280",5,"1,234","14,519",104.68,952,110.28,100.0000,,
41,2022/07/26,宏碁資訊,6811,櫃檯買賣,初上櫃,美國標,2022/07/20,2022/07/22,"3,400",100,1,435,50,400,2022/08/09,台新綜合證券,"463,692,060",4.5,"1,001","7,466",122.3,176,136.38,110.0000,,
49,2022/06/16,濾能,6823,櫃檯買賣,初上櫃,美國標,2022/06/10,2022/06/14,"1,604",85,1,210,50,400,2022/06/30,永豐金證券,"167,123,470",5,942,"7,906",100.7,126.2,104.19,98.6000,,
50,2022/06/16,采鈺,6789,集中交易市場,初上市,美國標,2022/06/10,2022/06/14,"14,800",254.39,1,"1,850",50,400,2022/06/30,元大,"4,934,834,000",3.6,"4,844","30,887",311,431,333.43,290.0000,,
53,2022/05/30,達航,4577,櫃檯買賣,初上櫃,美國標,2022/05/24,2022/05/26,"3,949",27.83,1,543,50,400,2022/06/14,康和綜合證券,"129,337,620",5,707,"13,381",31.1,36.1,32.75,32.0000,,
58,2022/05/18,晉弘,6796,集中交易市場,初上市,美國標,2022/05/12,2022/05/16,"2,108",38.98,1,273,50,400,2022/06/01,中國信託綜合,"99,286,000",5,413,"6,252",43.8,58.1,47.1,46.0000,,
59,2022/05/10,正基,6546,櫃檯買賣,初上櫃,美國標,2022/05/04,2022/05/06,"4,076",83.48,1,519,50,400,2022/05/24,凱基證券,"413,301,770",5,"1,017","21,604",97.6,115.2,101.4,96.0000,,
60,2022/05/06,鈺鎧,5228,櫃檯買賣,初上櫃,美國標,2022/04/29,2022/05/04,"3,045",18.02,1,390,50,400,2022/05/20,永豐金證券,"67,834,860",5,323,"6,360",20.1,29,22.28,20.0000,,
61,2022/05/06,鼎基,6585,集中交易市場,初上市,美國標,2022/04/29,2022/05/04,"5,540",55.09,1,707,50,400,2022/05/20,第一金,"336,758,780",5,577,"7,521",56,75.1,60.79,60.7900,,
63,2022/04/27,來頡,6799,集中交易市場,初上市,美國標,2022/04/21,2022/04/25,"2,486",118.8,1,350,50,400,2022/05/12,元大,"363,518,210",5,798,"12,165",141.4,180,146.23,139.0000,,
65,2022/04/22,台灣精銳,4583,集中交易市場,初上市,美國標,2022/04/18,2022/04/20,"5,215",175.44,1,661,50,400,2022/05/09,兆豐證券股份,"1,102,353,790",4,"1,522","22,822",200,235,211.38,200.0000,,
67,2022/04/15,信實,6721,櫃檯買賣,初上櫃,美國標,2022/04/11,2022/04/13,"1,800",48.33,1,240,50,400,2022/04/29,第一金,"104,813,670",5,558,"6,197",55.8,64.14,58.23,58.0000,,
68,2022/04/15,美達科技,6735,櫃檯買賣,初上櫃,美國標,2022/04/11,2022/04/13,"3,192",76.85,1,404,50,400,2022/04/29,群益金鼎證券,"298,408,150",5,711,"8,604",86.88,110,93.49,83.0000,,
71,2022/03/28,晶呈科技,4768,櫃檯買賣,初上櫃,美國標,2022/03/22,2022/03/24,"2,869",80.37,1,363,50,400,2022/04/13,國票綜合證券,"291,807,410",5,648,"5,449",95,130,101.71,86.8000,,
74,2022/03/17,明係,6804,櫃檯買賣,初上櫃,美國標,2022/03/11,2022/03/15,"1,847",32,1,240,50,400,2022/03/31,兆豐證券股份,"94,708,450",5,571,"5,690",46.6,66,51.28,40.0000,,
79,2022/03/09,寶德,3349,櫃檯買賣,初上櫃,美國標,2022/03/03,2022/03/07,"3,084",17.16,1,443,50,400,2022/03/23,日盛證券,"64,883,830",5,471,"9,853",20.11,23.5,21.04,18.8800,,
80,2022/03/03,寶緯,4558,櫃檯買賣,初上櫃,美國標,2022/02/24,2022/03/01,"4,012",33.9,1,521,50,400,2022/03/17,日盛證券,"192,148,900",5,942,"9,048",45.28,55,47.89,40.0000,,
81,2022/03/01,綠界科技,6763,櫃檯買賣,初上櫃,美國標,2022/02/22,2022/02/24,"1,517",690.91,1,218,50,400,2022/03/15,元富證券股份,"1,324,159,470",5,"1,760","4,233",818.89,"1,005",872.88,760.0000,,
82,2022/02/25,力士,4923,櫃檯買賣,初上櫃,美國標,2022/02/21,2022/02/23,"2,268",52,1,293,50,400,2022/03/14,宏遠證券股份,"168,988,460",5,"1,438","14,542",73,79.2,74.51,61.8800,,
83,2022/02/24,昶昕,8438,集中交易市場,初上市,美國標,2022/02/18,2022/02/22,"5,662",33.9,1,737,50,400,2022/03/11,中國信託綜合,"270,460,110",5,945,"9,769",44.7,78.01,47.77,40.0000,,
84,2022/02/24,千附精密,6829,櫃檯買賣,初上櫃,美國標,2022/02/18,2022/02/22,"3,659",55,1,525,50,400,2022/03/11,元大,"281,219,480",5,"1,173","15,973",73.88,88.21,76.86,66.0000,,
86,2022/02/14,廣閎科,6693,櫃檯買賣,初上櫃,美國標,2022/02/08,2022/02/10,"3,658",92.8,1,462,50,400,2022/03/01,兆豐證券股份,"483,465,770",5,"1,284","8,470",125,158.8,132.17,116.0000,,
1,2021/12/30,聯發國際,2756,櫃檯買賣,初上櫃,美國標,2021/12/24,2021/12/28,"1,050",68.52,1,131,50,400,2022/01/14,凱基證券,"125,257,260",5,"1,774","10,582",115.6,705,119.29,78.8000,,
2,2021/12/29,力智,6719,集中交易市場,初上市,美國標,2021/12/23,2021/12/27,"5,076",507.76,1,729,50,400,2022/01/13,福邦證券,"4,079,530,620",5,"5,662","27,832",795,850.6,803.69,589.0000,,
4,2021/12/23,瑞鼎,3592,集中交易市場,初上市,美國標,2021/12/17,2021/12/21,"6,070",275,1,758,50,400,2022/01/07,凱基證券股份,"3,068,686,200",5,"9,415","39,097",496,600,505.55,308.0000,,
6,2021/12/17,洋基工程,6691,集中交易市場,初上市,美國標,2021/12/13,2021/12/15,"5,433",155.17,1,689,50,400,2022/01/03,富邦綜合證券,"1,284,774,490",5,"3,420","21,621",231.5,288.88,236.48,180.0000,,
8,2021/12/08,上品,4770,集中交易市場,初上市,美國標,2021/12/02,2021/12/06,"6,284",140.68,1,825,50,400,2021/12/22,元大,"1,504,381,030",5,"4,194","29,026",235,346,239.4,166.0000,,
13,2021/11/24,詠業,6792,集中交易市場,初上市,美國標,2021/11/18,2021/11/22,"2,952",88.29,1,379,50,400,2021/12/08,群益金鼎證券,"477,895,060",5,"6,187","41,766",159,196,161.89,98.0000,,
14,2021/11/22,力積電,6770,集中交易市場,初上市,美國標,2021/11/16,2021/11/18,"88,400",43,1,"12,050",50,400,2021/12/06,元大,"5,614,994,880",5,"21,513","365,035",61.89,88,63.52,49.8800,,
16,2021/11/16,三商家購,2945,集中交易市場,初上市,美國標,2021/11/10,2021/11/12,"5,400",56.1,1,685,50,400,2021/11/30,元大,"387,066,710",5,"1,636","25,591",69,88,71.68,69.0000,,
20,2021/11/01,森崴能源,6806,集中交易市場,初上市,美國標,2021/10/26,2021/10/28,"11,880",90,1,"1,633",50,400,2021/11/15,福邦證券,"1,240,212,820",3,"2,286","39,684",100.1,125,104.4,104.4000,,
22,2021/10/25,穩得,6761,櫃檯買賣,初上櫃,美國標,2021/10/19,2021/10/21,"1,472",61.82,1,184,50,400,2021/11/08,永豐金證券,"163,410,490",5,"1,602","13,808",108.88,118.1,111.01,68.0000,,
30,2021/10/08,全訊,5222,集中交易市場,初上市,美國標,2021/10/04,2021/10/06,"5,427",81,1,683,50,400,2021/10/25,台新綜合證券,"664,699,640",5,"1,265","13,779",117.8,140.11,122.48,104.4900,,
31,2021/10/08,宜新實業,4440,集中交易市場,初上市,美國標,2021/10/04,2021/10/06,"5,436",32.76,1,729,50,400,2021/10/25,福邦證券,"231,880,220",5,544,"9,017",40.56,46.3,42.66,38.0000,,
34,2021/09/22,振宇五金,2947,櫃檯買賣,初上櫃,美國標,2021/09/14,2021/09/16,"1,440",66.67,1,192,50,400,2021/10/06,元大,"154,677,650",5,"1,628","11,665",103,202,107.42,80.0000,,
41,2021/09/13,永豐實,6790,集中交易市場,初上市,美國標,2021/09/07,2021/09/09,"16,000",44.07,1,"2,060",50,400,2021/09/29,元大,"886,039,730",5,"1,915","26,318",53.12,180,55.38,52.0000,,
42,2021/09/13,華景電,6788,櫃檯買賣,初上櫃,美國標,2021/09/07,2021/09/09,"2,139",113.64,1,272,50,400,2021/09/29,富邦綜合證券,"393,428,940",5,"1,977","14,755",180,200,183.93,125.0000,,
47,2021/08/26,八方雲集,2753,集中交易市場,初上市,美國標,2021/08/20,2021/08/24,"4,080",130.25,1,540,50,400,2021/09/09,國泰綜合證券,"675,366,890",5,"2,189","15,935",162.1,202,165.53,155.0000,,
51,2021/07/28,安格,6684,櫃檯買賣,初上櫃,美國標,2021/07/22,2021/07/26,"1,986",76.52,1,268,50,400,2021/08/11,福邦證券,"317,525,770",5,"2,775","18,422",157.1,181.11,159.88,88.0000,,
56,2021/07/15,凌陽創新,5236,櫃檯買賣,初上櫃,美國標,2021/07/09,2021/07/13,"3,644",128,1,523,50,400,2021/07/29,福邦證券,"734,253,620",5,"3,697","22,134",198.1,220,201.5,160.0000,,
68,2021/04/13,臺慶科,3357,櫃檯買賣,初上櫃,美國標,2021/04/07,2021/04/09,"8,252",92.8,1,"1,067",50,400,2021/04/27,第一金,"1,381,750,170",5,"6,145","36,630",160.5,250,167.44,118.7800,,
70,2021/03/25,長榮鋼,2211,集中交易市場,初上市,美國標,2021/03/19,2021/03/23,"14,800",33.61,2,"1,880",50,400,2021/04/12,凱基證券股份,"766,993,930",5,"4,682","90,121",50,60,51.82,41.0000,,
71,2021/03/17,展碁國際,6776,集中交易市場,初上市,美國標,2021/03/11,2021/03/15,"5,328",22.32,1,675,50,400,2021/03/31,永豐金證券,"181,923,610",4.5,"2,389","41,519",33.1,172,34.14,25.0000,,
75,2021/01/18,全宇昕,6651,櫃檯買賣,初上櫃,美國標,2021/01/12,2021/01/14,"2,720",46,1,391,50,400,2021/02/01,玉山綜合證券,"176,678,680",5,"1,641","18,923",61.28,69.54,64.96,50.6000,,
76,2021/01/14,博晟生醫,6733,櫃檯買賣,初上櫃,美國標,2021/01/08,2021/01/12,"6,934",24.14,1,996,50,400,2021/01/28,元大,"214,140,390",5,"1,134","19,635",29.28,35.1,30.88,28.0000,,
77,2021/01/13,威健生技,6661,櫃檯買賣,初上櫃,美國標,2021/01/07,2021/01/11,"1,872",20,1,269,50,400,2021/01/27,兆豐證券股份,"54,061,010",5,827,"9,270",28,60,28.88,26.0000,,
78,2021/01/11,台微醫,6767,櫃檯買賣,初上櫃,美國標,2021/01/05,2021/01/07,"1,850",25.42,2,265,50,400,2021/01/25,凱基證券股份,"63,186,700",5,"1,068","13,408",33,41,34.15,30.0000,,
1,2020/12/24,長聖,6712,櫃檯買賣,初上櫃,美國標,2020/12/18,2020/12/22,"3,824",115,1,492,50,400,2021/01/08,元富證券股份,"568,184,730",4.5,"1,170","7,535",136.66,190,148.58,138.0000,,
2,2020/12/11,智聯服務,6751,櫃檯買賣,初上櫃,美國標,2020/12/07,2020/12/09,"1,292",50,1,161,50,400,2020/12/25,福邦證券,"117,687,210",5,950,"7,915",85.98,230,91.09,60.0000,,
3,2020/12/11,上洋,6728,櫃檯買賣,初上櫃,美國標,2020/12/07,2020/12/09,"2,146",37.07,1,278,50,400,2020/12/25,台新綜合證券,"115,243,410",5,675,"5,402",51.26,88.8,53.7,43.0000,,
4,2020/12/10,威鋒電子,6756,集中交易市場,初上市,美國標,2020/12/04,2020/12/08,"5,100",150,1,733,50,400,2020/12/24,凱基證券股份,"1,225,075,550",5,"1,501","6,917",201,313,240.21,168.0000,,
7,2020/12/04,達亞,6762,櫃檯買賣,初上櫃,美國標,2020/11/30,2020/12/02,"1,660",228.37,1,238,50,400,2020/12/18,元富,"444,848,640",4.5,698,"3,691",258.5,311,267.98,267.9800,,
9,2020/12/02,揚秦,2755,櫃檯買賣,初上櫃,美國標,2020/11/26,2020/11/30,"1,360",48,1,178,50,400,2020/12/16,台新綜合證券,"100,396,850",5,925,"5,938",71.1,92.8,73.82,60.0000,,
11,2020/11/30,安普新,6743,集中交易市場,初上市,美國標,2020/11/24,2020/11/26,"8,640",80,1,"1,090",50,400,2020/12/14,中國信託綜合,"988,296,190",5,"2,203","23,182",110,161.1,114.39,100.0000,,
12,2020/11/27,耀登科技,3138,集中交易市場,初上市,美國標,2020/11/23,2020/11/25,"3,740",42.59,1,497,50,400,2020/12/11,國票綜合證券,"267,547,660",4.8,"1,695","16,889",68.6,101,71.54,46.0000,,
13,2020/11/26,叡揚資訊,6752,櫃檯買賣,初上櫃,美國標,2020/11/20,2020/11/24,"1,800",50,1,230,50,400,2020/12/10,群益金鼎證券,"119,980,950",4,589,"7,903",58.51,81,66.66,56.0000,,
15,2020/11/17,亞泰金屬,6727,櫃檯買賣,初上櫃,美國標,2020/11/11,2020/11/13,"2,005",48,1,267,50,400,2020/12/01,華南永昌綜合,"127,543,060",5,"1,359","11,864",62.4,68.88,63.61,52.8000,,
16,2020/11/10,八貫,1342,集中交易市場,初上市,美國標,2020/11/04,2020/11/06,"4,234",50,1,559,50,400,2020/11/24,富邦綜合證券,"278,231,580",4.5,"1,379","15,925",63.6,73.1,65.71,55.0000,,
17,2020/11/06,陞達科技,4945,櫃檯買賣,初上櫃,美國標,2020/11/02,2020/11/04,"2,244",34.86,1,292,50,400,2020/11/20,國票綜合證券,"115,984,120",5,"1,383","10,906",49.9,63.7,51.69,38.0000,,
20,2020/10/16,意德士,7556,櫃檯買賣,初上櫃,美國標,2020/10/12,2020/10/14,"1,712",80,1,223,50,400,2020/10/30,永豐金證券,"216,269,680",5,"2,470","13,844",124,136.5,126.33,88.0000,,
22,2020/10/05,軒郁,6703,櫃檯買賣,初上櫃,美國標,2020/09/25,2020/09/29,"2,040",80.08,1,279,50,400,2020/10/20,富邦綜合證券,"255,615,010",5,"3,256","21,146",123,200,125.3,96.9000,,
26,2020/09/23,汎德永業,2247,集中交易市場,初上市,美國標,2020/09/17,2020/09/21,"6,457",168.22,1,837,50,400,2020/10/12,群益金鼎證券,"1,846,031,500",4.5,"15,740","51,857",270.99,381,285.9,180.0000,,
27,2020/09/09,康全電訊,8089,櫃檯買賣,初上櫃,美國標,2020/09/03,2020/09/07,"4,425",39,1,617,50,400,2020/09/23,統一綜合證券,"243,290,320",5,"2,044","30,915",53.9,58,54.98,45.2400,,
28,2020/09/03,亞洲藏壽司,2754,櫃檯買賣,初上櫃,美國標,2020/08/28,2020/09/01,"5,117",45.08,1,669,50,400,2020/09/17,元大,"398,335,680",5,"2,056","14,897",71.39,100,77.85,55.0000,,
31,2020/08/13,艾姆勒,2241,集中交易市場,初上市,美國標,2020/08/06,2020/08/10,"6,784",42.02,2,890,50,400,2020/08/26,元大,"376,834,900",5,"1,682","24,707",54,70,55.55,50.0000,,
32,2020/08/11,匯僑設計,6754,集中交易市場,初上市,美國標,2020/08/05,2020/08/07,"4,080",35.43,1,510,50,400,2020/08/25,凱基證券股份,"236,304,380",5,"2,448","23,522",56.2,70,57.92,45.0000,,
35,2020/06/15,東典光電,6588,櫃檯買賣,初上櫃,美國標,2020/06/09,2020/06/11,"2,330",57.63,1,311,50,400,2020/07/01,元富證券股份,"244,385,270",4.5,"4,631","32,320",101.6,124,104.89,68.0000,,
38,2020/05/25,昇佳電子,6732,櫃檯買賣,初上櫃,美國標,2020/05/19,2020/05/21,"2,546",415,1,328,50,400,2020/06/08,兆豐證券股份,"1,624,912,870",5,"4,306","15,903",628.01,683,638.22,498.0000,,
41,2020/05/04,三竹,8284,櫃檯買賣,初上櫃,美國標,2020/04/27,2020/04/29,"3,708",37.5,1,493,50,400,2020/05/18,兆豐證券股份,"222,824,840",5,"3,192","46,876",58.88,61.5,60.09,45.0000,,
43,2020/03/30,州巧,3543,集中交易市場,初上市,美國標,2020/03/24,2020/03/26,"7,204",12,1,900,50,400,2020/04/15,福邦證券,"109,985,470",4.5,450,"24,104",14.5,18,15.27,15.0000,,
44,2020/03/13,應廣,6716,櫃檯買賣,初上櫃,美國標,2020/03/09,2020/03/11,"1,368",32.56,1,179,50,400,2020/03/27,兆豐證券股份,"65,666,780",5,955,"12,404",46.7,54.6,48,42.0000,,
46,2020/02/21,山富,2743,櫃檯買賣,初上櫃,美國標,2020/02/17,2020/02/19,"2,584",10,1,347,50,400,2020/03/09,福邦證券,"38,253,040",4.5,918,"26,822",14.1,20,14.8,12.5000,,
48,2020/02/21,映興電子,3597,櫃檯買賣,初上櫃,美國標,2020/02/17,2020/02/19,"2,812",12.8,1,386,50,400,2020/03/09,華南永昌綜合,"47,739,700",4.5,839,"17,852",16.31,22,16.98,15.4900,,
1,2019/12/20,捷流閥業,4580,櫃檯買賣,初上櫃,美國標,2019/12/16,2019/12/18,"2,409",68.42,2,346,50,400,2020/01/06,元大,"230,076,310",5,"3,148","34,552",93.8,105,95.51,78.0000,,
2,2019/12/12,東捷資訊,6697,櫃檯買賣,初上櫃,美國標,2019/12/06,2019/12/10,"1,369",32.77,1,196,50,400,2019/12/26,台新綜合證券,"59,635,790",5,"1,275","11,247",42.5,70,43.56,42.6000,,
4,2019/12/11,明達醫,6527,櫃檯買賣,初上櫃,美國標,2019/12/05,2019/12/09,"1,943",52.5,1,272,50,400,2019/12/25,凱基證券,"141,691,790",5,"2,650","25,483",71.68,80.8,72.92,58.8000,,
5,2019/12/05,惠特科技,6706,集中交易市場,初上市,美國標,2019/11/29,2019/12/03,"4,144",50,1,537,50,400,2019/12/19,凱基,"294,659,570",5,"3,732","37,428",69.9,102.5,71.11,56.0000,,
7,2019/11/28,嘉基,6715,集中交易市場,初上市,美國標,2019/11/22,2019/11/26,"4,320",60,1,545,50,400,2019/12/12,中國信託綜合,"363,163,250",4.5,"1,780","20,249",81.98,95.12,84.07,70.8000,,
8,2019/11/25,和潤企業,6592,集中交易市場,初上市,美國標,2019/11/19,2019/11/21,"101,081",45.69,2,"14,530",30,400,2019/12/09,台新綜合證券,"7,061,918,370",2.75,"7,711","279,289",60.88,125,69.86,53.0000,,
10,2019/11/11,旭暉應材,6698,集中交易市場,初上市,美國標,2019/11/05,2019/11/07,"4,112",58.12,1,524,50,400,2019/11/25,兆豐證券股份,"294,786,090",5,883,"8,046",68.88,85,71.69,68.0000,,
12,2019/10/16,安碁資訊,6690,櫃檯買賣,初上櫃,美國標,2019/10/08,2019/10/14,"2,672",50,2,379,50,400,2019/10/30,台新綜合證券,"278,892,560",5,861,"8,579",95,130,104.38,55.0000,,
13,2019/09/23,晶碩,6491,集中交易市場,初上市,美國標,2019/09/17,2019/09/19,"6,800",128.81,1,977,50,400,2019/10/07,元大,"1,181,527,880",5,"1,733","15,051",166.8,205,173.75,152.0000,,
14,2019/09/10,豆府,2752,櫃檯買賣,初上櫃,美國標,2019/09/04,2019/09/06,"1,728",84,1,231,50,400,2019/09/25,福邦證券,"203,333,060",5,"1,104","9,286",115,130,117.67,105.0000,,
15,2019/09/06,富致,6642,櫃檯買賣,初上櫃,美國標,2019/09/02,2019/09/04,"2,520",26.09,1,325,50,400,2019/09/23,永豐金證券,"88,619,350",4.5,948,"19,120",34.3,37.19,35.17,30.0000,,
17,2019/09/02,新盛力,4931,櫃檯買賣,初上櫃,美國標,2019/08/27,2019/08/29,"4,960",15.93,1,629,50,400,2019/09/17,台新綜合證券,"171,259,810",5,"1,469","31,632",33.3,70.1,34.53,18.0000,,
18,2019/08/30,鑫創電子,6680,櫃檯買賣,初上櫃,美國標,2019/08/26,2019/08/28,"1,220",50,1,157,50,400,2019/09/16,兆豐證券股份,"86,047,370",4.5,596,"5,054",68.7,80.88,70.53,60.0000,,
19,2019/08/27,駐龍,4572,集中交易市場,初上市,美國標,2019/08/21,2019/08/23,"2,924",108.53,2,370,50,400,2019/09/10,台新綜合證券,"438,728,600",4.5,"1,830","17,693",147.6,164,150.04,140.0000,,
20,2019/08/21,大銀微系統,4576,集中交易市場,初上市,美國標,2019/08/15,2019/08/19,"8,280",50,1,"1,085",50,400,2019/09/04,元大,"635,292,850",5,"1,011","14,701",68.28,100,76.73,56.0000,,
22,2019/06/14,台康生技,6589,櫃檯買賣,初上櫃,美國標,2019/06/10,2019/06/12,"13,607",26.96,2,"1,811",50,400,2019/06/28,凱基證券股份,"419,718,340",4.5,731,"23,140",29,37,30.85,30.8500,,
24,2019/05/22,台生材,6649,櫃檯買賣,初上櫃,美國標,2019/05/16,2019/05/20,"2,040",33.6,2,280,50,400,2019/06/05,元大,"92,821,540",5,471,"6,526",44.2,51.51,45.5,42.0000,,
25,2019/05/14,萬年清,6624,櫃檯買賣,初上櫃,美國標,2019/05/08,2019/05/10,"1,360",38.76,1,175,50,400,2019/05/28,國泰綜合證券,"82,582,870",4.5,877,"8,151",59.52,67.2,60.72,50.0000,,
26,2019/05/10,禾聯碩,5283,集中交易市場,初上市,美國標,2019/05/06,2019/05/08,"6,257",82.73,1,832,50,400,2019/05/24,元富證券股份,"643,356,440",4.5,"1,504","15,165",99,123,102.82,91.0000,,
27,2019/04/24,鈺太科技,6679,櫃檯買賣,初上櫃,美國標,2019/04/18,2019/04/22,"2,541",58.33,1,322,50,400,2019/05/09,凱基證券,"220,315,770",5,"2,346","26,007",85.66,90,86.7,70.0000,,
28,2019/04/19,勤崴,6516,櫃檯買賣,初上櫃,美國標,2019/04/15,2019/04/17,"2,404",106.15,2,345,50,400,2019/05/06,元大,"466,006,950",5,"1,367","8,553",188.38,212,193.85,138.0000,,
29,2019/04/09,雍智科技,6683,櫃檯買賣,初上櫃,美國標,2019/04/01,2019/04/03,"1,668",65.22,1,213,50,400,2019/04/23,凱基證券股份,"201,039,060",5,"2,967","25,448",118.9,128.99,120.53,75.0000,,
32,2019/03/13,緯穎,6669,集中交易市場,初上市,美國標,2019/03/07,2019/03/11,"12,792",215.65,1,"1,678",50,400,2019/03/27,元大,"4,468,523,500",5,"4,665","31,587",335.3,450,349.32,248.0000,,
33,2019/03/12,樂斯科,6662,櫃檯買賣,初上櫃,美國標,2019/03/06,2019/03/08,"1,577",31.45,1,207,50,400,2019/03/26,日盛證券,"82,339,580",4.5,927,"8,721",51.05,56.3,52.21,36.8000,,
34,2019/03/07,勤凱,4760,櫃檯買賣,初上櫃,美國標,2019/02/27,2019/03/05,"2,415",18.68,1,311,50,400,2019/03/21,富邦綜合證券,"82,108,250",4.5,"1,441","25,778",33.16,37,34,22.6000,,
35,2019/02/19,元翎,4564,集中交易市場,初上市,美國標,2019/02/13,2019/02/15,"13,600",22.12,1,"1,700",50,400,2019/03/07,福邦證券,"484,387,780",4.5,"3,456","127,769",35.03,42,35.62,25.0000,,
36,2019/01/24,詠昇,6418,櫃檯買賣,初上櫃,美國標,2019/01/18,2019/01/22,"2,763",19,2,397,50,400,2019/02/18,台新綜合證券,"80,746,850",4.5,"1,202","24,469",28.45,43,29.22,22.0400,,
37,2019/01/09,M31,6643,櫃檯買賣,初上櫃,美國標,2019/01/03,2019/01/07,"1,928",157.14,1,251,50,400,2019/01/23,永豐金證券,"459,972,410",4.5,"2,464","16,118",235.22,269,238.57,198.0000,,
1,2018/12/28,大詠城,4538,櫃檯買賣,初上櫃,美國標,2018/12/24,2018/12/26,"3,808",12.73,1,486,50,400,2019/1/15,日盛,"73,667,880",4.5,"1,310","29,459",18.42,62.8,19.35,14,,
2,2018/12/27,十銓,4967,集中交易市場,初上市,美國標,2018/12/22,2018/12/25,"5,508",19.3,2,698,50,400,2019/1/14,群益金鼎證券,"150,019,210",4.5,"2,012","46,940",26.3,30.05,27.24,22,,
3,2018/12/11,普鴻,6590,櫃檯買賣,初上櫃,美國標,2018/12/5,2018/12/7,"1,360",16.5,1,180,50,400,2018/12/24,日盛證券,"30,568,080",4.5,526,"9,191",21.2,31.2,22.48,19.14,,
5,2018/12/4,復盛應用,6670,集中交易市場,初上市,美國標,2018/11/28,2018/11/30,"8,568",100,1,"1,231",50,400,2018/12/18,富邦綜合證券,"1,157,843,580",4,"1,850","24,319",131,150,135.14,120,,
6,2018/12/3,精湛,2070,櫃檯買賣,初上櫃,美國標,2018/11/27,2018/11/29,"3,060",27.83,1,392,50,400,2018/12/17,永豐金證券,"97,508,520",4.5,425,"8,550",30.62,35.11,31.87,31.87,,
7,2018/11/28,中揚光,6668,集中交易市場,初上市,美國標,2018/11/22,2018/11/26,"5,440",50,2,752,50,400,2018/12/12,元大,"315,757,890",5,527,"8,896",55,70.1,58.04,58,,
8,2018/11/27,三能-KY,6671,集中交易市場,初上市,美國標,2018/11/21,2018/11/23,"4,859",32.31,2,698,50,400,2018/12/11,兆豐證券股份,"201,573,900",4.5,448,"12,939",39.5,45.8,41.48,41.48,,
9,2018/11/21,興能高,6558,集中交易市場,初上市,美國標,2018/11/15,2018/11/19,"6,936",16.36,1,926,50,400,2018/12/5,富邦綜合證券,"162,273,050",4.5,"1,012","36,803",22.22,30,23.4,18,,
10,2018/11/14,南寶,4766,集中交易市場,初上市,美國標,2018/11/8,2018/11/12,"8,127",66.78,1,"1,168",50,400,2018/11/28,富邦綜合證券,"646,556,750",4.5,879,"19,223",76,90,79.56,76.8,,
11,2018/11/14,鋐寶科技,6674,集中交易市場,初上市,美國標,2018/11/8,2018/11/12,"4,160",28.32,2,569,50,400,2018/11/28,凱基證券股份,"128,280,170",4.5,370,"6,268",29.22,68,30.84,30.84,,
12,2018/11/14,科定,6655,集中交易市場,初上市,美國標,2018/11/8,2018/11/12,"4,129",52,1,526,50,400,2018/11/28,中國信託證券,"252,640,730",4.5,687,"5,773",55,75.8,61.19,60.32,,
13,2018/11/5,公準,3178,櫃檯買賣,初上櫃,美國標,2018/10/30,2018/11/1,"3,604",25.5,1,460,50,400,2018/11/19,第一金,"106,774,970",4.5,278,"5,586",26.78,34,29.63,29.63,,
15,2018/10/30,信紘,6667,櫃檯買賣,初上櫃,美國標,2018/10/24,2018/10/26,"2,143",33.9,1,277,50,400,2018/11/13,第一金,"79,344,310",4.2,352,"4,473",35,46,37.02,37.02,,
16,2018/10/15,誠泰科技,4767,櫃檯買賣,初上櫃,美國標,2018/10/8,2018/10/11,"1,864",16.22,2,242,50,400,2018/10/29,凱基證券股份,"34,454,820",4.5,162,"4,121",17.35,21,18.48,18,,
17,2018/10/8,天正國際,6654,櫃檯買賣,初上櫃,美國標,2018/10/2,2018/10/4,"2,536",65.22,1,326,50,400,2018/10/23,台新綜合證券,"186,592,210",4.5,417,"4,710",70.25,99,73.58,73.58,,
18,2018/10/8,均華,6640,櫃檯買賣,初上櫃,美國標,2018/10/2,2018/10/4,"1,741",31.25,2,217,50,400,2018/10/23,凱基證券股份,"68,858,310",4.5,515,"8,843",38.6,56,39.55,37.5,,
19,2018/10/4,上海商銀,5876,集中交易市場,初上市,美國標,2018/9/28,2018/10/2,"16,000",25.02,2,"2,000",50,400,2018/10/19,華南永昌綜合,"548,976,840",4.5,"2,970","113,100",33.12,39,34.31,32.28,,
20,2018/10/2,天鈺,4961,集中交易市場,初上市,美國標,2018/9/26,2018/9/28,"12,852",29.2,1,"1,606",50,400,2018/10/17,福邦證券股份,"484,658,590",4.5,944,"20,879",34.1,41.22,37.71,33,,
21,2018/9/18,科際精密,4568,櫃檯買賣,初上櫃,美國標,2018/9/12,2018/9/14,"1,877",65.22,2,244,50,400,2018/10/3,永豐金證券,"166,723,400",4.5,654,"10,356",86.2,95.5,88.82,75,,
23,2018/9/4,達邦蛋白,6578,櫃檯買賣,初上櫃,美國標,2018/8/29,2018/8/31,"2,380",18.18,2,317,50,400,2018/9/18,永豐金證券,"57,275,790",4.5,785,"17,424",23.52,27.02,24.07,20,,
24,2018/8/30,群翊,6664,櫃檯買賣,初上櫃,美國標,2018/8/21,2018/8/23,"3,400",46.22,1,455,50,400,2018/9/12,福邦證券,"218,048,010",4.5,"1,036","13,434",63.1,69,64.13,55,,
25,2018/8/30,建新國際,8367,集中交易市場,初上市,美國標,2018/8/21,2018/8/23,"5,531",17.31,2,794,50,400,2018/9/12,凱基證券股份,"117,448,990",4.5,668,"19,402",20.62,24,21.23,20.08,,
26,2018/8/1,全球,4540,集中交易市場,初上市,美國標,2018/7/26,2018/7/30,"7,752",79,1,"1,069",50,400,2018/8/15,第一金,"901,072,370",4.5,"2,753","29,975",113.9,133.69,116.24,94.8,,
28,2018/7/25,茂生農經,1240,櫃檯買賣,初上櫃,美國標,2018/7/19,2018/7/23,"2,001",39,2,265,50,400,2018/8/8,兆豐證券股份,"107,474,890",4.5,"1,318","19,418",52.6,110,53.71,47.19,,
29,2018/7/4,奈米醫材,6612,櫃檯買賣,初上櫃,美國標,2018/6/28,2018/7/2,"2,056",38.07,2,267,50,400,2018/7/18,兆豐,"117,193,380",4.5,"1,318","17,792",56.1,60.12,57,46.45,,
30,2018/7/2,晶相光,3530,集中交易市場,初上市,美國標,2018/6/26,2018/6/28,"6,315",88.6,1,799,50,400,2018/7/16,永豐金證券,"857,435,210",4.5,"1,520","13,148",128.8,155,135.78,101,,
31,2018/6/28,皇將,4744,櫃檯買賣,初上櫃,美國標,2018/6/22,2018/6/26,"3,672",23.53,2,459,50,400,2018/7/12,福邦證券,"133,450,230",4.5,"1,087","20,629",35.11,74,36.34,28,,
32,2018/6/28,百德,4563,櫃檯買賣,初上櫃,美國標,2018/6/22,2018/6/26,"3,196",51.22,1,409,50,400,2018/7/12,日盛,"243,836,510",5,"1,309","13,878",75,82.2,76.29,58.9,,
33,2018/6/26,昇陽半,8028,集中交易市場,初上市,美國標,2018/6/20,2018/6/22,"10,595",20.5,2,"1,324",50,400,2018/7/10,福邦證券,"355,607,930",4.5,"1,947","49,119",32.58,37.5,33.56,24.6,,
35,2018/6/14,逸達,6576,櫃檯買賣,初上櫃,美國標,2018/6/8,2018/6/12,"5,879",40,2,845,50,400,2018/6/29,凱基證券股份,"322,957,130",4.5,"1,343","20,149",53.22,61.26,54.93,45.2,,
36,2018/6/13,榮科,4989,集中交易市場,初上市,美國標,2018/6/7,2018/6/11,"9,421",21.38,5,"1,347",50,400,2018/6/28,元大,"268,107,500",5,"1,525","42,400",27.8,31.9,28.46,24.8,,
37,2018/5/28,健椿,4561,櫃檯買賣,初上櫃,美國標,2018/5/22,2018/5/24,"3,161",23.04,2,405,50,400,2018/6/11,第一金,"109,034,670",4,"1,662","33,140",33.61,134.6,34.49,26.5,,
38,2018/5/22,是方,6561,櫃檯買賣,初上櫃,美國標,2018/5/16,2018/5/18,"5,333",136,2,748,50,400,2018/6/5,元大,"1,053,276,760",5,"2,670","21,212",191.4,213.7,197.5,170,,
39,2018/5/15,大綜電腦系統,3147,櫃檯買賣,初上櫃,美國標,2018/5/9,2018/5/11,"2,721",15.97,3,391,50,400,2018/5/29,華南永昌綜合,"58,269,490",4,846,"20,027",21,22.8,21.41,19,,
40,2018/4/24,聯嘉,6288,集中交易市場,初上市,美國標,2018/4/18,2018/4/20,"13,691",17.14,2,"1,721",50,400,2018/5/9,台新綜合證券,"296,478,940",5,"1,634","44,935",21.08,26,21.66,18,,
41,2018/4/12,萬達光電,5220,櫃檯買賣,初上櫃,美國標,2018/4/3,2018/4/10,"3,174",22,2,456,50,400,2018/4/26,兆豐證券股份,"93,296,840",4.5,"1,472","29,596",28.7,37.15,29.39,25.3,,
42,2018/3/30,吉茂精密,1587,集中交易市場,初上市,美國標,2018/3/23,2018/3/27,"5,540",15.5,2,722,50,400,2018/4/16,宏遠證券股份,"113,320,760",4.2,866,"22,613",20,22.25,20.46,18.91,,
43,2018/3/30,瑞祺電通,6416,集中交易市場,初上市,美國標,2018/3/23,2018/3/27,"5,444",87.83,1,680,50,400,2018/4/16,國泰綜合證券,"726,718,590",4.5,"2,914","27,556",129.83,145.08,133.49,101,,
44,2018/3/30,五福,2745,櫃檯買賣,初上櫃,美國標,2018/3/23,2018/3/27,"2,348",22.03,2,303,50,400,2018/4/16,台新綜合證券,"73,871,940",4.5,887,"13,546",30.79,35,31.46,26,,
45,2018/3/30,高端疫苗,6547,櫃檯買賣,初上櫃,美國標,2018/3/26,2018/3/28,"12,432",25,2,"1,654",50,400,2018/4/17,永豐金證券,"380,245,280",4.5,"1,289","34,870",29.6,43,30.59,28,,
46,2018/3/20,致和證,5864,櫃檯買賣,初上櫃,美國標,2018/3/14,2018/3/16,"8,000",6.97,2,"1,150",50,400,2018/4/2,統一綜合證券,"74,104,520",3,903,"47,476",9.25,9.8,9.26,9.06,,
47,2018/3/14,綠電再生,8440,櫃檯買賣,初上櫃,美國標,2018/3/8,2018/3/12,"3,696",13.52,1,482,50,400,2018/3/28,凱基,"84,106,340",4.5,"1,879","46,522",22.2,26,22.76,15.68,,
48,2018/3/14,益得,6461,櫃檯買賣,初上櫃,美國標,2018/3/8,2018/3/12,"6,800",30,2,950,50,400,2018/3/28,元富證券股份,"240,979,070",4.5,"1,040","21,987",34,46,35.44,34.8,,
49,2018/3/9,聯廣,8497,集中交易市場,初上市,美國標,2018/3/5,2018/3/7,"4,680",40,1,672,50,400,2018/3/23,國泰綜合證券,"229,545,830",4,"1,383","23,949",47.6,53.1,49.05,46,,
50,2018/2/2,亞航,2630,集中交易市場,初上市,美國標,2018/1/29,2018/1/31,"9,778",20,2,"1,232",50,400,2018/2/22,台新綜合證券,"307,361,210",4.5,"2,139","57,470",30.41,36.1,31.43,22,,
51,2018/1/24,必應,6625,集中交易市場,初上市,美國標,2018/1/18,2018/1/22,"2,081",56.52,2,270,50,400,2018/2/7,台新綜合證券,"151,601,320",4.5,743,"5,396",69,87,72.85,65,,
52,2018/1/22,時碩工業,4566,集中交易市場,初上市,美國標,2018/1/16,2018/1/18,"4,080",55.56,1,586,50,400,2018/2/5,凱基證券股份,"276,469,190",4.5,"1,315","16,618",66.01,77.8,67.76,60,,
53,2018/1/16,鋼聯,6581,集中交易市場,初上市,美國標,2018/1/10,2018/1/12,"7,703",74.14,2,962,50,400,2018/1/30,康和綜合證券,"797,779,920",4.2,"1,911","17,776",99.6,119.6,103.57,86,,
54,2018/1/9,寶齡富錦,1760,集中交易市場,初上市,美國標,2018/1/3,2018/1/5,"6,192",45.22,1,834,50,400,2018/1/23,凱基證券股份,"350,289,470",4.5,918,"9,610",50.01,68,56.57,52,,
55,2018/1/9,杰力,5299,櫃檯買賣,初上櫃,美國標,2018/1/3,2018/1/5,"2,826",42.74,2,388,50,400,2018/1/23,永豐金證券,"187,172,980",4.5,"1,402","14,523",64.67,71.3,66.23,50.01,,
56,2018/1/8,金穎生技,1796,櫃檯買賣,初上櫃,美國標,2018/1/2,2018/1/4,"1,690",29,1,221,50,400,2018/1/22,富邦綜合證券,"77,314,170",4.5,873,"10,531",43.5,62,45.75,34.8,,
3,2017/12/20,寬宏,6596,櫃檯買賣,初上櫃,美國標,2017/12/14,2017/12/18,"1,512",55.5,1,217,50,400,2018/1/4,福邦證券,"95,009,990",4.5,357,"2,404",59.7,70.1,62.84,62.84,,
4,2017/12/20,雙鍵,4764,集中交易市場,初上市,美國標,2017/12/14,2017/12/18,"4,385",43.24,2,602,50,400,2018/1/4,永豐金證券,"244,875,340",4.5,"1,057","20,466",55,63.5,55.84,48,,
5,2017/12/14,朋億,6613,櫃檯買賣,初上櫃,美國標,2017/12/8,2017/12/12,"2,924",120.54,1,420,50,400,2017/12/28,凱基證券股份,"472,506,730",4.5,"1,528","10,908",156,180,161.6,135,,
6,2017/11/27,維田,6570,櫃檯買賣,初上櫃,美國標,2017/11/21,2017/11/23,"1,671",22.5,2,230,50,400,2017/12/11,中國信託綜合,"51,600,950",4.5,749,"10,577",29.8,81.8,30.88,25.2,,
7,2017/11/27,東哥遊艇,8478,集中交易市場,初上市,美國標,2017/11/21,2017/11/23,"7,596",66.18,2,"1,089",50,400,2017/12/11,凱基證券股份,"609,187,900",4.5,951,"12,095",75.5,110,80.2,72.8,,
8,2017/11/21,訊映,4155,集中交易市場,初上市,美國標,2017/11/15,2017/11/17,"5,927",20,1,750,50,400,2017/12/5,富邦綜合證券,"168,664,990",4.5,"1,263","36,834",27.6,31.5,28.46,22,,
10,2017/11/9,益張,8342,櫃檯買賣,初上櫃,美國標,2017/11/3,2017/11/7,"2,040",36.61,2,265,50,400,2017/11/23,台新綜合證券,"94,147,800",4.5,865,"11,546",45,53,46.15,41,,
11,2017/10/20,台灣銘板,6593,櫃檯買賣,初上櫃,美國標,2017/10/16,2017/10/18,"1,205",27.03,2,160,50,400,2017/11/3,台新綜合證券,"43,064,120",4,628,"11,187",33.8,38.1,35.74,30,,
12,2017/10/17,勝品,6556,櫃檯買賣,初上櫃,美國標,2017/10/11,2017/10/13,"1,440",27,1,190,50,400,2017/10/31,凱基,"54,226,100",4.5,735,"12,553",35.66,45,37.66,29.7,,
15,2017/9/13,漢來美食,1268,櫃檯買賣,初上櫃,美國標,2017/9/7,2017/9/11,"2,340",125,1,292,50,400,2017/9/27,凱基,"385,598,290",4.5,"1,000","9,163",160.1,200,164.79,150,,
16,2017/9/13,廣錠,6441,櫃檯買賣,初上櫃,美國標,2017/9/7,2017/9/11,"2,336",42.02,2,291,50,400,2017/9/27,富邦綜合證券,"139,853,630",4.5,899,"12,181",57.2,152.88,59.87,50,,
18,2017/9/12,泓瀚科技,4741,櫃檯買賣,初上櫃,美國標,2017/9/6,2017/9/8,"2,628",48,2,328,50,400,2017/9/26,國泰綜合證券,"171,926,220",4,775,"9,612",61.4,80,65.42,55.2,,
19,2017/8/21,霈方,6574,櫃檯買賣,初上櫃,美國標,2017/8/15,2017/8/17,"1,354",109.4,2,169,50,400,2017/9/4,永豐金證券,"176,051,790",4.5,484,"3,542",123.44,145.98,130.02,128,,
20,2017/8/7,穎漢,4562,集中交易市場,初上市,美國標,2017/8/1,2017/8/3,"5,404",36.36,2,675,50,400,2017/8/21,台新綜合證券,"237,593,080",4.5,476,"7,011",39.2,110.8,43.97,40,,
21,2017/8/7,研揚,6579,集中交易市場,初上市,美國標,2017/8/1,2017/8/3,"7,344",74.58,2,918,50,400,2017/8/21,元大,"784,671,580",4.5,"1,258","16,701",100,132.25,106.85,88,,
24,2017/6/1,申豐,6582,集中交易市場,初上市,美國標,2017/5/24,2017/5/26,"7,142",60.18,2,892,50,400,2017/6/14,凱基證券股份,"534,460,870",4,"1,165","16,968",71,84.85,74.83,68,,
26,2017/5/24,集雅社,2937,櫃檯買賣,初上櫃,美國標,2017/5/18,2017/5/22,"1,945",21.5,2,243,50,400,2017/6/8,第一金,"57,706,490",3,694,"10,950",28.5,62.3,29.67,25.16,,
28,2017/4/20,王道,2897,集中交易市場,初上市,美國標,2017/4/14,2017/4/18,"16,000",5.98,5,"2,000",50,500,2017/5/5,元富證券,"130,436,410",3,"1,306","123,963",8.02,9.3,8.15,7,,
29,2017/4/13,三貝德,8489,櫃檯買賣,初上櫃,美國標,2017/4/7,2017/4/11,"1,700",70.83,2,212,50,500,2017/4/27,凱基,"243,731,170",4,"1,120","8,027",140.1,206,143.37,85,,
30,2017/4/11,迅得,6438,櫃檯買賣,初上櫃,美國標,2017/4/5,2017/4/7,"4,488",35,2,561,50,500,2017/4/25,台新綜合證券,"229,715,300",4,"1,831","28,338",50.45,57,51.18,42,,
31,2017/4/10,生華科,6492,櫃檯買賣,初上櫃,美國標,2017/3/31,2017/4/6,"6,120",135,2,765,50,500,2017/4/24,永豐金證券,"1,038,479,180",4,"1,180","13,583",165.33,202,169.69,162,,
32,2017/4/7,世豐螺絲,2065,櫃檯買賣,初上櫃,美國標,2017/3/30,2017/4/5,"2,032",28,2,253,50,500,2017/4/21,富邦綜合證券,"92,698,060",4.5,"1,595","19,137",44.01,54,45.62,32.2,,
33,2017/4/5,保瑞,6472,櫃檯買賣,初上櫃,美國標,2017/3/28,2017/3/30,"2,118",25,2,264,50,500,2017/4/19,台新綜合證券,"132,084,440",4,"1,741","18,546",60.88,154,62.36,32.5,,
34,2017/3/7,勁豐,6577,櫃檯買賣,初上櫃,美國標,2017/3/1,2017/3/3,"4,752",46.73,2,594,50,500,2017/3/21,群益金鼎證券,"338,165,830",4,"1,438","20,763",68.8,82.56,71.16,52.8,,
35,2017/2/24,晶心科,6533,集中交易市場,初上市,美國標,2017/2/20,2017/2/22,"2,500",54.25,2,312,50,500,2017/3/14,宏遠證券,"266,634,540",5,"1,683","19,973",103.66,124,106.65,65.1,,
